first_name,second_name,goals_scored,assists,total_points,minutes,goals_conceded,creativity,influence,threat,bonus,bps,ict_index,clean_sheets,red_cards,yellow_cards,selected_by_percent,now_cost,element_type,can_select,chance_of_playing_next_round,points_per_game,penalties_saved,form,expected_goal_involvements,Predicted Points
Fábio,Ferreira Vieira,0,0,0,0,0,0.0,0.0,0,0,0.0,0.0,0,0,0,0.0,54,MID,0,0.0,0.0,0,0.0,0.0,0.7578843
Gabriel,Fernando de Jesus,3,2,42,600,5,119.5,154.4,255,6,152.0,52.6,2,0,4,1.1,65,FWD,1,0.0,2.5,0,0.0,3.57,31.198643
Gabriel,dos Santos Magalhães,3,2,116,2348,22,208.6,583.0,287,9,342.0,108.0,10,0,4,30.5,64,DEF,1,100.0,4.3,0,4.0,3.91,111.03658
Kai,Havertz,9,3,96,1839,20,257.0,467.2,701,14,296.0,142.6,7,0,4,5.9,77,FWD,1,0.0,4.6,0,0.0,11.02,79.488655
Karl,Hein,0,0,0,0,0,0.0,0.0,0,0,0.0,0.0,0,0,0,0.0,40,GK,0,0.0,0.0,0,0.0,0.0,0.7578843
Jurriën,Timber,1,2,101,2199,18,270.3,351.2,227,8,274.0,84.7,10,0,7,5.0,56,DEF,1,100.0,3.9,0,5.5,1.94,99.89231
Jorge Luiz,Frello Filho,0,0,16,540,5,69.8,37.4,5,0,82.0,11.3,2,0,4,0.2,47,MID,1,100.0,1.3,0,0.8,0.55,20.727818
Jakub,Kiwior,0,0,13,323,5,13.7,49.2,0,0,39.0,6.3,1,0,0,0.2,48,DEF,1,,1.6,0,0.0,0.03,11.842586
Gabriel,Martinelli Silva,6,3,93,1562,15,389.9,402.8,632,6,268.0,142.5,8,0,1,2.0,65,MID,1,100.0,3.9,0,1.0,7.61,86.34147
Ethan,Nwaneri,3,1,46,595,3,160.0,197.4,163,4,86.0,52.0,2,0,1,4.2,46,MID,1,100.0,2.4,0,1.8,2.02,47.81588
Martin,Ødegaard,2,4,76,1724,13,693.5,358.8,360,7,242.0,141.5,9,0,3,5.2,82,MID,1,100.0,3.6,0,3.2,8.95,101.81314
David,Raya Martin,0,0,117,2610,24,0.5,615.4,0,9,328.0,61.7,11,0,2,26.2,55,GK,1,100.0,4.0,0,4.2,0.01,88.37057
Declan,Rice,2,5,89,2154,22,761.6,521.6,260,11,350.0,153.9,9,1,3,2.9,62,MID,1,100.0,3.3,0,4.2,7.0,74.84903
Bukayo,Saka,5,11,107,1268,13,630.0,516.2,604,16,435.0,174.9,6,0,3,8.5,102,MID,1,50.0,6.7,0,0.0,9.77,145.43398
William,Saliba,2,0,114,2364,20,94.5,527.2,101,14,352.0,72.5,11,1,2,22.9,62,DEF,1,100.0,4.2,0,5.2,2.95,116.83659
Thomas,Partey,3,3,85,2185,22,316.1,487.4,142,6,365.0,94.9,7,0,4,0.8,49,MID,1,100.0,3.0,0,1.5,3.76,65.93694
Kieran,Tierney,0,0,6,77,0,37.7,15.8,11,0,10.0,6.5,0,0,0,0.0,43,DEF,1,100.0,1.0,0,0.8,0.49,15.476868
Tomiyasu,Takehiro,0,0,1,6,0,0.3,0.4,9,0,2.0,1.0,0,0,0,0.0,48,DEF,1,0.0,1.0,0,0.0,0.18,1.4202721
Leandro,Trossard,4,6,100,1899,18,503.3,405.2,544,10,316.0,144.9,9,1,2,3.1,68,MID,1,100.0,3.4,0,2.2,7.76,87.33449
Benjamin,White,0,1,29,703,7,57.3,133.4,35,0,112.0,22.5,3,0,2,2.1,61,DEF,1,100.0,2.6,0,0.5,0.52,41.038395
Oleksandr,Zinchenko,0,0,19,292,0,33.3,25.2,39,0,66.0,9.7,2,0,1,0.9,48,DEF,1,100.0,1.9,0,0.5,0.28,24.062551
Norberto,Murara Neto,0,0,7,180,2,0.0,77.8,0,0,30.0,7.8,0,0,0,0.7,41,GK,1,100.0,3.5,0,0.0,0.0,47.709404
Raheem,Sterling,0,1,17,303,2,81.2,39.8,99,0,29.0,21.8,1,0,1,0.8,67,MID,1,100.0,1.4,0,0.5,1.41,14.09288
Riccardo,Calafiori,2,1,37,921,12,116.2,249.6,174,1,123.0,53.9,1,0,4,1.3,58,DEF,1,100.0,2.2,0,0.5,1.54,36.0038
Myles,Lewis-Skelly,1,0,22,762,7,89.8,119.6,39,0,86.0,24.5,4,2,2,0.3,45,MID,1,100.0,1.6,0,0.5,0.33,20.445303
Mikel,Merino,5,1,68,1140,11,210.0,327.8,391,5,162.0,92.8,4,0,2,0.9,60,MID,1,100.0,3.2,0,4.0,4.77,83.25376
Salah-Eddine,Oulad M'hand,0,0,0,0,0,0.0,0.0,0,0,0.0,0.0,0,0,0,0.0,45,MID,1,,0.0,0,0.0,0.0,0.7578843
Tommy,Setford,0,0,0,0,0,0.0,0.0,0,0,0.0,0.0,0,0,0,0.1,45,GK,1,,0.0,0,0.0,0.0,0.7578843
Maldini,Kacurri,0,0,0,0,0,0.0,0.0,0,0,0.0,0.0,0,0,0,0.1,40,DEF,0,0.0,0.0,0,0.0,0.0,0.7578843
Ismeal,Kabia,0,0,0,0,0,0.0,0.0,0,0,0.0,0.0,0,0,0,0.0,45,MID,1,,0.0,0,0.0,0.0,0.7578843
Josh,Nichols,0,0,0,0,0,0.0,0.0,0,0,0.0,0.0,0,0,0,0.1,40,DEF,1,,0.0,0,0.0,0.0,0.7578843
Nathan,Butler-Oyedeji,0,0,0,0,0,0.0,0.0,0,0,0.0,0.0,0,0,0,0.2,45,FWD,1,,0.0,0,0.0,0.0,0.7578843
Mikel,Arteta,0,0,48,0,0,0.0,0.0,0,0,0.0,0.0,0,0,0,3.7,15,AM,1,,0.0,0,4.5,0.0,30.612703
Jack,Porter,0,0,0,0,0,0.0,0.0,0,0,0.0,0.0,0,0,0,0.0,40,GK,1,,0.0,0,0.0,0.0,0.7578843
Leon,Bailey,1,2,46,1131,19,234.8,144.4,323,2,0.0,69.8,2,0,3,0.8,62,MID,1,100.0,2.0,0,0.7,4.65,34.55626
Ross,Barkley,3,1,40,544,9,115.5,203.4,185,5,159.0,50.3,1,0,3,0.2,52,MID,1,50.0,2.5,0,0.0,2.09,31.198643
Enzo,Barrenechea,0,0,0,0,0,0.0,0.0,0,0,150.0,0.0,0,0,0,0.0,49,MID,0,0.0,0.0,0,0.0,0.0,0.7578843
Emiliano,Buendía Stati,0,0,11,89,2,23.2,16.4,16,0,0.0,5.2,0,0,1,0.1,51,MID,0,0.0,0.9,0,0.0,0.68,2.3072026
Matty,Cash,1,1,41,1395,18,133.9,247.8,111,1,37.0,49.3,2,0,6,0.9,44,DEF,1,100.0,2.2,0,0.7,1.23,39.252735
Leander,Dendoncker,0,0,0,0,0,0.0,0.0,0,0,133.0,0.0,0,0,0,0.2,45,MID,0,0.0,0.0,0,0.0,0.0,0.7578843
Moussa,Diaby,0,0,0,0,0,0.0,0.0,0,0,0.0,0.0,0,0,0,0.0,65,MID,0,0.0,0.0,0,0.0,0.0,0.7578843
Diego Carlos,Santos Silva,0,0,21,828,15,9.2,150.6,54,1,0.0,21.5,2,0,1,0.3,45,DEF,0,0.0,2.1,0,0.0,0.72,25.540716
Lucas,Digne,0,5,75,2059,34,533.6,454.0,112,6,69.0,109.9,4,0,3,6.3,45,DEF,1,,2.7,0,2.3,4.36,60.81849
Lewis,Dobbin,0,0,0,0,0,0.0,0.0,0,0,275.0,0.0,0,0,0,0.0,50,MID,0,0.0,0.0,0,0.0,0.0,0.7578843
Jhon,Durán,7,0,53,622,14,68.9,273.8,334,9,0.0,67.5,2,1,3,1.7,57,FWD,0,0.0,2.6,0,0.0,5.35,32.435677
Joe,Gauci,0,0,0,0,0,0.0,0.0,0,0,222.0,0.0,0,0,0,0.6,40,GK,0,0.0,0.0,0,0.0,0.0,0.7578843
Kortney,Hause,0,0,0,0,0,0.0,0.0,0,0,0.0,0.0,0,0,0,0.6,39,DEF,1,,0.0,0,0.0,0.0,0.7578843
Samuel,Iling-Junior,0,0,0,0,0,0.0,0.0,0,0,0.0,0.0,0,0,0,0.0,54,MID,0,0.0,0.0,0,0.0,0.0,0.7578843
Boubacar,Kamara,0,0,30,1077,18,110.7,214.4,34,1,0.0,36.1,2,0,2,0.0,50,MID,1,100.0,1.8,0,0.3,0.58,23.143368
Kaine,Kesler-Hayden,0,0,0,0,0,0.0,0.0,0,0,158.0,0.0,0,0,0,0.0,40,DEF,0,0.0,0.0,0,0.0,0.0,0.7578843
Ezri,Konsa Ngoyo,1,0,59,2171,39,84.3,379.6,88,6,0.0,55.2,3,0,0,5.0,44,DEF,1,100.0,2.4,0,3.0,1.07,46.314575
Ian,Maatsen,0,1,24,604,12,228.9,141.6,112,0,229.0,48.3,0,0,2,1.2,45,DEF,1,100.0,1.1,0,1.0,1.94,29.01689
Filip,Marschall,0,0,0,0,0,0.0,0.0,0,0,60.0,0.0,0,0,0,0.0,40,GK,0,0.0,0.0,0,0.0,0.0,0.7578843
Emiliano,Martínez Romero,0,0,73,2430,41,0.0,614.2,0,2,0.0,61.5,3,0,2,11.0,50,GK,1,100.0,2.6,1,1.3,0.01,62.32738
John,McGinn,0,3,53,1775,32,386.5,178.4,172,1,255.0,73.4,4,0,6,0.6,52,MID,1,100.0,2.1,0,1.7,4.2,44.598293
Tyrone,Mings,0,1,31,780,9,35.1,178.4,51,5,186.0,26.6,2,0,1,0.1,44,DEF,1,100.0,3.1,0,3.0,0.88,55.02564
Kosta,Nedeljković,0,0,5,121,4,7.2,22.8,0,0,71.0,3.0,0,0,0,0.6,39,DEF,0,0.0,1.0,0,0.0,0.02,1.4202721
Robin,Olsen,0,0,8,180,4,0.0,37.0,0,0,12.0,3.7,1,0,0,0.1,45,GK,1,100.0,2.7,0,2.3,0.0,60.81849
Pau,Torres,0,0,32,1549,29,55.5,261.2,94,0,3.0,41.2,2,0,1,0.7,42,DEF,1,100.0,1.8,0,0.0,0.85,15.198729
Jacob,Ramsey,1,3,52,1245,23,208.4,190.8,187,3,162.0,58.6,2,0,1,0.4,54,MID,1,100.0,2.5,0,3.0,3.11,48.107933
Morgan,Rogers,7,5,113,2337,36,525.3,502.0,531,11,173.0,155.9,5,0,8,16.1,55,MID,1,100.0,4.0,0,4.0,8.2,99.81237
Viljami,Sinisalo,0,0,0,0,0,0.0,0.0,0,0,307.0,0.0,0,0,0,0.0,40,GK,0,0.0,0.0,0,0.0,0.0,0.7578843
Lino,da Cruz Sousa,0,0,0,0,0,0.0,0.0,0,0,0.0,0.0,0,0,0,0.0,40,DEF,0,0.0,0.0,0,0.0,0.0,0.7578843
Youri,Tielemans,2,4,85,2491,40,813.9,629.6,220,9,0.0,166.4,4,0,4,1.2,55,MID,1,,2.9,0,2.3,7.71,63.31935
Ollie,Watkins,13,6,147,2052,35,288.6,616.0,958,24,409.0,184.6,7,0,0,18.0,89,FWD,1,75.0,5.1,0,5.3,15.17,143.20317
Axel,Disasi,1,0,30,723,10,64.2,154.0,50,0,390.0,26.9,3,0,2,0.5,42,DEF,1,100.0,3.0,0,2.0,0.72,59.53211
Amadou,Onana,2,0,41,1078,21,107.2,229.2,180,5,188.0,51.8,2,0,4,2.1,48,MID,1,100.0,2.4,0,0.0,2.1,29.405281
Marcus,Rashford,4,4,74,1175,14,360.2,314.2,254,8,12.0,93.0,5,0,2,4.8,66,MID,1,100.0,3.7,0,3.7,5.01,99.73061
Lamare,Bogarde,0,0,6,473,11,33.3,84.8,15,0,0.0,13.3,0,0,2,0.3,40,DEF,1,,0.8,0,0.3,0.17,7.731666
Sil,Swinkels,0,0,0,0,0,0.0,0.0,0,0,0.0,0.0,0,0,0,0.1,40,DEF,0,0.0,0.0,0,0.0,0.0,0.7578843
Oliwier,Zych,0,0,0,0,0,0.0,0.0,0,0,0.0,0.0,0,0,0,0.5,40,GK,1,,0.0,0,0.0,0.0,0.7578843
Kadan,Young,0,0,0,0,0,0.0,0.0,0,0,0.0,0.0,0,0,0,0.2,44,MID,0,0.0,0.0,0,0.0,0.0,0.7578843
Ben,Broggio,0,0,0,0,0,0.0,0.0,0,0,0.0,0.0,0,0,0,0.0,45,MID,1,,0.0,0,0.0,0.0,0.7578843
Jamaldeen,Jimoh,0,0,0,0,0,0.0,0.0,0,0,3.0,0.0,0,0,0,0.0,45,MID,1,,0.0,0,0.0,0.0,0.7578843
Donyell,Malen,0,0,7,168,3,16.2,24.2,77,0,0.0,11.7,0,0,0,0.1,54,MID,1,,1.2,0,0.7,0.59,21.098648
Andrés,García,0,0,6,266,5,50.4,31.2,7,0,0.0,8.8,0,0,0,0.1,45,DEF,1,,1.2,0,0.7,0.43,21.098648
Unai,Emery,0,0,36,0,0,0.0,0.0,0,0,31.0,0.0,0,0,0,1.6,8,AM,1,,0.0,0,6.0,0.0,41.093815
Marco,Asensio,2,0,19,205,5,57.9,85.6,85,3,146.0,22.9,0,0,0,2.2,61,MID,1,,4.8,0,5.3,1.58,134.46022
Max,Aarons,0,0,8,84,0,3.2,13.2,0,0,0.0,1.7,1,0,0,0.1,43,DEF,0,0.0,2.7,0,0.0,0.01,30.501934
Tyler,Adams,0,3,41,1239,21,154.8,296.8,49,1,142.0,50.2,3,0,4,0.1,49,MID,1,100.0,2.2,0,1.8,1.22,45.811653
Jaidon,Anthony,0,0,0,0,0,0.0,0.0,0,0,311.0,0.0,0,0,0,0.1,45,MID,0,0.0,0.0,0,0.0,0.0,0.7578843
David,Brooks,2,1,43,722,9,208.3,157.4,232,2,331.0,59.1,2,0,3,0.0,49,MID,1,100.0,2.0,0,1.0,3.65,42.094913
Ryan,Christie,2,3,75,2057,27,537.4,500.0,290,5,97.0,133.0,8,0,9,0.2,49,MID,1,100.0,2.7,0,1.5,4.86,59.31779
Lewis,Cook,1,3,68,2391,34,616.2,512.8,93,2,0.0,122.2,4,0,6,0.2,50,MID,1,100.0,2.4,0,2.0,3.78,51.81636
Enes,Ünal,2,1,32,330,3,56.1,104.0,207,4,0.0,35.9,2,0,2,0.1,54,FWD,1,0.0,1.9,0,0.0,2.99,15.459838
Romain,Faivre,0,0,0,0,0,0.0,0.0,0,0,43.0,0.0,0,0,0,0.0,50,MID,0,0.0,0.0,0,0.0,0.0,0.7578843
Hamed,Traorè,0,0,0,0,0,0.0,0.0,0,0,13.0,0.0,0,0,0,0.0,45,MID,0,0.0,0.0,0,0.0,0.0,0.7578843
James,Hill,0,1,16,420,8,27.6,87.2,29,0,345.0,14.5,1,0,1,0.6,39,DEF,1,100.0,1.8,0,0.8,0.53,29.255331
Daniel,Jebbison,0,0,8,61,1,37.0,20.0,36,0,395.0,9.3,0,0,1,1.1,45,FWD,1,100.0,0.9,0,0.5,0.33,10.909913
Milos,Kerkez,2,6,105,2537,36,447.6,567.6,196,8,0.0,121.1,6,0,4,18.4,52,DEF,1,100.0,3.6,0,3.2,2.46,101.81314
Justin,Kluivert,12,6,147,1934,26,591.6,680.4,692,14,316.0,196.6,10,0,6,35.4,62,MID,1,100.0,5.2,0,4.8,12.71,111.41428
Chris,Mepham,0,0,0,0,0,0.0,0.0,0,0,0.0,0.0,0,0,0,0.0,44,DEF,0,0.0,0.0,0,0.0,0.0,0.7578843
Dango,Ouattara,7,4,99,1510,17,365.1,543.4,629,7,52.0,153.5,5,0,1,4.1,51,MID,1,100.0,3.8,0,1.5,9.8,92.44995
Alex,Paulsen,0,0,0,0,0,0.0,0.0,0,0,54.0,0.0,0,0,0,0.0,40,GK,0,0.0,0.0,0,0.0,0.0,0.7578843
Philip,Billing,0,0,10,176,4,102.4,54.0,47,0,370.0,20.4,0,0,1,0.0,48,MID,0,0.0,1.0,0,0.0,1.52,1.4202721
Alex,Scott,0,0,15,371,5,96.2,91.8,43,0,82.0,23.2,1,0,1,0.0,47,MID,1,100.0,1.2,0,0.8,0.67,23.303585
Antoine,Semenyo,7,5,111,2465,33,531.5,573.2,998,7,75.0,209.5,7,0,9,9.0,57,MID,1,100.0,4.0,0,1.2,11.97,81.17987
Marcos,Senesi,0,0,21,917,15,78.7,221.0,29,3,93.0,33.1,1,0,4,0.3,46,DEF,1,50.0,1.9,0,0.0,1.25,15.459838
Luis,Sinisterra,1,1,23,229,4,115.3,112.0,195,2,212.0,42.3,0,0,0,0.1,48,MID,1,75.0,1.9,0,0.8,2.47,29.516438
Adam,Smith,0,0,34,1032,13,62.2,116.2,8,0,76.0,18.6,3,0,4,0.1,44,DEF,1,0.0,2.0,0,0.0,0.7,22.70462
Marcus,Tavernier,3,6,72,1500,23,532.0,392.4,389,3,290.0,131.3,3,0,5,0.4,54,MID,1,100.0,3.3,0,2.8,7.65,79.012566
Mark,Travers,0,0,19,450,5,0.0,146.4,0,1,242.0,14.6,1,0,0,0.1,44,GK,0,0.0,3.8,0,0.0,0.01,63.63401
Illia,Zabarnyi,0,0,65,2364,32,136.3,501.4,44,3,271.0,68.4,6,1,3,0.5,44,DEF,1,100.0,2.4,0,-0.2,1.23,29.405281
Kepa,Arrizabalaga,0,0,72,1980,29,10.2,563.2,4,4,11.0,57.6,5,0,3,3.1,46,GK,1,100.0,3.3,0,1.2,0.07,67.65836
Dean,Huijsen,2,0,71,1690,21,156.3,563.8,145,11,0.0,86.5,5,0,6,4.7,45,DEF,1,,3.1,0,1.0,2.78,57.506664
Julián,Araujo Zúñiga,0,0,8,352,7,7.9,40.0,2,0,291.0,5.1,0,0,1,0.1,43,DEF,1,50.0,1.0,0,0.0,0.04,1.4202721
Will,Dennis,0,0,0,0,0,0.0,0.0,0,0,0.0,0.0,0,0,0,0.3,39,GK,1,,0.0,0,0.0,0.0,0.7578843
Francisco Evanilson,de Lima Barbosa,6,4,89,1541,21,248.6,294.6,688,14,6.0,122.7,8,0,0,3.3,57,FWD,1,100.0,4.0,0,2.8,9.19,92.5341
Max,Kinsey,0,0,0,0,0,0.0,0.0,0,0,0.0,0.0,0,0,0,0.0,40,DEF,1,,0.0,0,0.0,0.0,0.7578843
Ben,Winterburn,0,0,2,9,0,0.0,0.2,0,0,3.0,0.0,0,0,0,0.0,45,MID,1,,1.0,0,0.0,0.0,1.4202721
Archie,Harris,0,0,0,0,0,0.0,0.0,0,0,0.0,0.0,0,0,0,0.0,40,DEF,1,,0.0,0,0.0,0.0,0.7578843
Remy,Rees-Dottin,0,0,1,1,0,0.0,0.0,0,0,0.0,0.0,0,0,0,0.1,45,FWD,1,,1.0,0,0.0,0.0,1.4202721
Matai,Akinmboni,0,0,0,0,0,0.0,0.0,0,0,0.0,0.0,0,0,0,0.0,40,DEF,1,,0.0,0,0.0,0.0,0.7578843
Julio,Soler,0,0,0,0,0,0.0,0.0,0,0,0.0,0.0,0,0,0,0.0,39,DEF,1,100.0,0.0,0,0.0,0.0,0.7578843
Daniel,Adu-Adjei,0,0,0,0,0,0.0,0.0,0,0,0.0,0.0,0,0,0,0.0,45,FWD,1,,0.0,0,0.0,0.0,0.7578843
Dominic,Sadi,0,0,0,0,0,0.0,0.0,0,0,5.0,0.0,0,0,0,0.0,45,MID,1,,0.0,0,0.0,0.0,0.7578843
Callan,McKenna,0,0,0,0,0,0.0,0.0,0,0,0.0,0.0,0,0,0,0.0,40,GK,1,,0.0,0,0.0,0.0,0.7578843
Zain,Silcott-Duberry,0,0,1,1,0,1.0,2.0,0,0,26.0,0.3,0,0,0,0.0,45,MID,1,,1.0,0,0.0,0.0,1.4202721
Andoni,Iraola,0,0,29,0,0,0.0,0.0,0,0,0.0,0.0,0,0,0,6.7,11,AM,1,,0.0,0,1.8,0.0,19.168474
Kristoffer,Ajer,0,0,28,1206,19,113.6,165.4,127,0,314.0,40.6,2,0,4,0.2,44,DEF,1,100.0,1.8,0,1.7,1.16,34.256313
Ethan,Brierley,0,0,0,0,0,0.0,0.0,0,0,401.0,0.0,0,0,0,0.1,44,MID,1,100.0,0.0,0,0.0,0.0,0.7578843
Nathan,Collins,2,5,90,2610,45,119.6,791.6,248,5,0.0,116.0,5,0,4,3.0,45,DEF,1,,3.1,0,1.3,3.49,68.008125
Mikkel,Damsgaard,2,9,108,2217,32,808.3,628.8,286,10,332.0,172.3,8,0,2,1.9,51,MID,1,100.0,3.7,0,2.0,7.78,89.030396
Josh,Dasilva,0,0,0,0,0,0.0,0.0,0,0,3.0,0.0,0,0,0,0.0,48,MID,1,0.0,0.0,0,0.0,0.0,0.7578843
Mark,Flekken,0,1,96,2465,43,20.3,1022.6,0,5,0.0,104.0,4,0,1,10.0,44,GK,1,100.0,3.4,0,3.0,0.09,81.255554
Rico,Henry,0,0,1,3,0,0.3,1.0,0,0,302.0,0.1,0,0,0,0.0,43,DEF,1,25.0,1.0,0,0.0,0.0,1.4202721
Aaron,Hickey,0,0,0,0,0,0.0,0.0,0,0,125.0,0.0,0,0,0,0.0,43,DEF,1,25.0,0.0,0,0.0,0.0,0.7578843
Vitaly,Janelt,1,3,68,2098,36,264.0,326.8,127,2,5.0,71.8,6,0,3,0.2,49,MID,1,100.0,2.4,0,1.3,3.13,59.296993
Mathias,Jensen,0,1,28,728,14,205.9,114.4,32,1,10.0,35.5,2,0,1,0.1,53,MID,1,100.0,1.8,0,0.3,1.4,23.143368
Kim,Ji-soo,0,0,3,28,0,0.8,5.0,0,0,275.0,0.6,0,0,0,0.3,39,DEF,1,,1.0,0,0.3,0.0,9.364901
Yunus Emre,Konak,0,0,7,27,2,3.7,7.8,3,0,587.0,1.2,0,0,0,0.1,44,MID,1,,1.0,0,0.3,0.15,9.364901
Keane,Lewis-Potter,1,4,75,2367,40,354.4,434.0,360,0,27.0,115.0,6,0,4,0.1,50,MID,1,,2.6,0,2.0,6.34,54.846745
Bryan,Mbeumo,15,6,179,2605,43,824.9,927.6,788,24,312.0,254.3,6,0,2,41.4,81,MID,1,100.0,6.2,0,4.3,16.1,178.56163
Ben,Mee,0,0,9,180,4,3.0,36.8,6,0,3.0,4.6,1,0,2,0.3,42,DEF,1,100.0,1.3,0,0.3,0.02,14.615856
Christian,Nørgaard,4,2,73,2010,33,267.0,538.8,265,4,0.0,107.2,3,1,4,0.2,48,MID,1,100.0,2.9,0,4.0,3.82,67.434006
Frank,Onyeka,0,0,2,23,0,0.5,0.0,0,0,162.0,0.0,0,0,0,0.0,49,MID,0,0.0,1.0,0,0.0,0.02,1.4202721
Myles,Peart-Harris,0,0,0,0,0,0.0,0.0,0,0,125.0,0.0,0,0,0,0.0,45,MID,0,0.0,0.0,0,0.0,0.0,0.7578843
Ethan,Pinnock,2,0,46,1830,33,100.4,528.8,189,0,265.0,82.0,2,0,2,0.3,44,DEF,1,100.0,2.2,0,2.0,1.51,49.81213
Mads,Roerslev Rasmussen,0,2,36,1100,20,185.8,214.4,78,0,20.0,48.0,2,0,2,0.1,43,DEF,0,0.0,1.9,0,0.0,2.29,15.459838
Kevin,Schade,7,4,104,1562,24,196.5,418.0,573,7,0.0,118.4,7,0,2,1.2,51,MID,1,100.0,3.6,0,2.3,6.92,89.608185
Igor Thiago,Nascimento Rodrigues,0,0,5,129,2,27.9,10.8,6,0,10.0,4.2,0,0,0,0.0,59,FWD,1,0.0,1.2,0,0.0,0.12,9.246977
Ivan,Toney,0,0,0,0,0,0.0,0.0,0,0,408.0,0.0,0,0,0,1.1,73,FWD,0,0.0,0.0,0,0.0,0.0,0.7578843
Hákon,Valdimarsson,0,0,2,144,2,0.1,21.4,0,0,130.0,2.1,0,0,0,4.1,39,GK,1,,1.0,0,0.0,0.0,1.4202721
Yoane,Wissa,13,3,132,2111,33,282.5,599.8,834,23,0.0,171.0,6,0,2,17.2,65,FWD,1,100.0,5.1,0,6.3,14.96,133.14685
Yehor,Yarmoliuk,0,0,26,781,17,126.8,166.6,83,0,95.0,37.6,0,0,3,2.3,44,MID,1,,1.2,0,0.7,1.02,21.098648
Mathias,Jorgensen,0,0,0,0,0,0.0,0.0,0,0,126.0,0.0,0,0,0,0.0,45,DEF,0,0.0,0.0,0,0.0,0.0,0.7578843
Fábio,Freitas Gouveia Carvalho,2,1,35,443,14,71.5,142.2,154,1,5.0,36.3,0,0,1,0.4,45,MID,1,0.0,1.8,0,0.0,3.03,15.198729
Sepp,van den Berg,0,1,38,1774,37,77.7,416.8,140,1,0.0,63.6,2,0,1,1.8,41,DEF,1,100.0,1.7,0,0.3,1.24,23.13463
Ryan,Trevitt,0,0,1,3,0,0.1,2.6,0,0,3.0,0.3,0,0,0,0.0,44,MID,0,0.0,1.0,0,0.0,0.0,1.4202721
Gustavo,Nunes Fernandes Gomes,0,0,0,0,0,0.0,0.0,0,0,0.0,0.0,0,0,0,0.0,49,MID,1,0.0,0.0,0,0.0,0.0,0.7578843
Jayden,Meghoma,0,0,1,4,0,0.3,0.2,0,0,20.0,0.1,0,0,0,0.0,40,DEF,0,0.0,1.0,0,0.0,0.0,1.4202721
Tony,Yogane,0,0,0,0,0,0.0,0.0,0,0,0.0,0.0,0,0,0,0.0,45,MID,0,0.0,0.0,0,0.0,0.0,0.7578843
Paris,Maghoma,0,0,7,105,1,15.5,25.4,10,0,0.0,5.1,0,0,0,0.0,45,MID,1,,1.0,0,0.3,0.16,9.364901
Benjamin,Arthur,0,0,0,0,0,0.0,0.0,0,0,112.0,0.0,0,0,0,0.0,40,DEF,1,,0.0,0,0.0,0.0,0.7578843
Thomas,Frank,0,0,41,0,0,0.0,0.0,0,0,0.0,0.0,0,0,0,0.8,8,AM,1,,0.0,0,4.0,0.0,35.18911
Michael,Kayode,0,0,4,30,1,24.9,10.4,6,0,270.0,4.2,0,0,0,0.0,45,DEF,1,50.0,1.0,0,0.3,0.07,9.364901
Julian,Eyestone,0,0,0,0,0,0.0,0.0,0,0,0.0,0.0,0,0,0,0.0,40,GK,1,,0.0,0,0.0,0.0,0.7578843
Iwan,Morgan,0,0,0,0,0,0.0,0.0,0,0,0.0,0.0,0,0,0,0.0,45,FWD,1,,0.0,0,0.0,0.0,0.7578843
Benjamin,Fredrick,0,0,0,0,0,0.0,0.0,0,0,0.0,0.0,0,0,0,0.0,40,DEF,1,,0.0,0,0.0,0.0,0.7578843
Simon,Adingra,2,1,39,613,13,127.1,144.0,174,0,207.0,44.4,1,0,0,0.3,51,MID,1,100.0,1.9,0,0.8,3.07,29.516438
Benicio,Baker-Boaitey,0,0,0,0,0,0.0,0.0,0,0,202.0,0.0,0,0,0,0.0,45,MID,0,0.0,0.0,0,0.0,0.0,0.7578843
Carlos,Baleba,2,1,61,1948,25,276.6,346.2,165,4,65.0,78.8,7,1,6,0.2,50,MID,1,100.0,2.4,0,2.0,3.96,51.81636
Valentín,Barco,0,0,0,0,0,0.0,0.0,0,0,21.0,0.0,0,0,0,2.1,40,DEF,0,0.0,0.0,0,0.0,0.0,0.7578843
Amario,Cozier-Duberry,0,0,0,0,0,0.0,0.0,0,0,0.0,0.0,0,0,0,0.0,45,MID,0,0.0,0.0,0,0.0,0.0,0.7578843
Mahmoud,Dahoud,0,0,0,0,0,0.0,0.0,0,0,132.0,0.0,0,0,0,0.0,49,MID,0,0.0,0.0,0,0.0,0.0,0.7578843
Lewis,Dunk,0,1,38,1560,30,100.8,332.2,79,0,0.0,51.2,4,0,4,2.4,42,DEF,1,50.0,2.0,0,0.0,1.33,22.70462
Pervis,Estupiñán,1,1,51,1689,28,432.1,365.2,105,6,103.0,90.4,2,0,3,0.9,49,DEF,1,100.0,2.3,0,3.0,2.28,39.94983
Billy,Gilmour,0,0,3,97,1,11.9,11.4,2,0,318.0,2.5,0,0,0,0.0,50,MID,0,0.0,1.5,0,0.0,0.12,8.7452345
Pascal,Groß,0,0,0,0,0,0.0,0.0,0,0,0.0,0.0,0,0,0,0.0,65,MID,0,0.0,0.0,0,0.0,0.0,0.7578843
Jack,Hinshelwood,2,1,50,1252,19,150.6,207.6,112,5,67.0,47.3,5,0,3,0.1,49,MID,1,100.0,2.9,0,4.5,2.59,62.85761
Ibrahim,Osman,0,0,0,0,0,0.0,0.0,0,0,6.0,0.0,0,0,0,0.0,50,MID,0,0.0,0.0,0,0.0,0.0,0.7578843
Igor Julio,dos Santos de Paulo,0,0,17,900,16,40.5,182.2,4,0,0.0,22.7,1,0,4,0.1,43,DEF,1,0.0,1.4,0,0.0,0.28,5.4901547
João Pedro,Junqueira de Jesus,8,6,111,1698,21,360.7,475.2,560,23,24.0,139.0,6,0,4,15.0,56,FWD,1,100.0,4.8,0,7.5,9.72,113.098305
Kacper,Kozłowski,0,0,0,0,0,0.0,0.0,0,0,173.0,0.0,0,0,0,0.0,45,MID,0,0.0,0.0,0,0.0,0.0,0.7578843
Tariq,Lamptey,2,2,40,762,20,95.1,192.0,48,1,362.0,33.6,2,0,0,0.3,44,DEF,1,100.0,3.1,0,2.0,0.91,60.52742
Solly,March,0,0,3,37,0,5.5,9.6,6,0,17.0,2.1,0,0,1,0.0,65,MID,1,100.0,0.8,0,0.5,0.09,8.38975
Adrian,Mazilu,0,0,0,0,0,0.0,0.0,0,0,0.0,0.0,0,0,0,0.0,45,MID,0,0.0,0.0,0,0.0,0.0,0.7578843
James,Milner,0,0,5,169,1,66.3,28.6,12,0,0.0,10.7,1,0,1,0.0,50,MID,1,0.0,1.7,0,0.0,0.31,15.189999
Yankuba,Minteh,5,4,76,1257,22,326.1,414.6,448,6,0.0,119.1,3,0,6,1.8,50,MID,1,100.0,3.2,0,3.0,6.92,65.73182
Mitoma,Kaoru,7,4,118,2312,33,506.2,520.0,703,12,3.0,173.1,6,0,1,9.8,65,MID,1,100.0,4.1,0,3.2,10.94,116.50015
Jakub,Moder,0,0,4,9,0,36.0,15.8,2,0,46.0,5.4,0,0,0,0.4,44,MID,0,0.0,1.0,0,0.0,0.53,1.4202721
Mark,O’Mahony,0,0,0,0,0,0.0,0.0,0,0,0.0,0.0,0,0,0,0.2,45,FWD,0,0.0,0.0,0,0.0,0.0,0.7578843
Odeluga,Offiah,0,0,0,0,0,0.0,0.0,0,0,272.0,0.0,0,0,0,0.1,40,DEF,0,0.0,0.0,0,0.0,0.0,0.7578843
Cameron,Peupion,0,0,0,0,0,0.0,0.0,0,0,241.0,0.0,0,0,0,0.1,44,MID,0,0.0,0.0,0,0.0,0.0,0.7578843
Jeremy,Sarmiento Morante,0,0,1,8,0,0.8,0.2,0,0,245.0,0.1,0,0,0,0.0,49,MID,0,0.0,1.0,0,0.0,0.0,1.4202721
Jason,Steele,0,0,9,180,1,0.0,40.4,0,1,42.0,4.1,1,0,0,0.7,41,GK,1,0.0,4.5,0,0.0,0.0,48.547157
Deniz,Undav,0,0,0,0,0,0.0,0.0,0,0,265.0,0.0,0,0,0,0.0,55,FWD,0,0.0,0.0,0,0.0,0.0,0.7578843
Jan Paul,van Hecke,1,1,77,2330,34,211.1,606.0,149,6,104.0,96.7,6,0,5,1.2,45,DEF,1,100.0,2.9,0,4.5,2.34,62.85761
Joël,Veltman,0,0,58,1642,23,143.8,269.2,59,7,51.0,47.4,6,0,4,1.3,43,DEF,1,50.0,3.1,0,0.0,1.76,38.116344
Bart,Verbruggen,0,1,82,2430,41,10.0,622.6,0,5,187.0,63.3,6,0,5,2.9,45,GK,1,100.0,3.0,0,2.8,0.01,64.274
Adam,Webster,0,0,26,615,8,41.2,155.8,31,0,0.0,22.7,3,0,0,0.1,43,DEF,1,100.0,2.4,0,2.8,0.23,56.558212
Danny,Welbeck,7,4,92,1482,23,228.4,378.0,452,15,0.0,105.9,6,0,2,5.9,55,FWD,1,100.0,4.2,0,2.2,7.77,95.95344
Mats,Wieffer,1,2,30,483,12,104.9,159.6,57,3,208.0,31.7,1,0,4,0.1,47,MID,1,100.0,1.8,0,0.5,0.72,23.801447
Brajan,Gruda,0,1,19,380,9,144.5,82.4,96,0,59.0,32.2,1,0,0,0.0,54,MID,1,100.0,1.5,0,1.2,0.8,24.543968
Yasin,Ayari,0,1,47,1437,16,399.3,236.6,171,0,103.0,80.6,6,0,3,0.0,50,MID,1,100.0,1.9,0,2.5,3.59,43.11366
Andrew,Moran,0,0,0,0,0,0.0,0.0,0,0,0.0,0.0,0,0,0,0.0,50,MID,0,0.0,0.0,0,0.0,0.0,0.7578843
Carl,Rushworth,0,0,0,0,0,0.0,0.0,0,0,0.0,0.0,0,0,0,0.1,39,GK,1,100.0,0.0,0,0.0,0.0,0.7578843
Georginio,Rutter,5,6,95,1651,29,281.8,355.4,404,1,0.0,103.0,6,0,2,0.6,51,MID,1,100.0,3.4,0,5.0,6.24,100.26735
Ferdi,Kadioglu,1,0,19,385,8,83.7,116.4,40,0,0.0,24.0,2,0,1,0.1,44,DEF,1,0.0,3.2,0,0.0,0.75,48.82254
Matt,O'Riley,1,1,25,468,11,156.7,107.6,113,2,3.0,37.7,2,0,1,0.0,55,MID,1,50.0,2.1,0,0.0,2.39,25.540716
Imari,Samuels,0,0,0,0,0,0.0,0.0,0,0,0.0,0.0,0,0,0,0.0,40,DEF,0,0.0,0.0,0,0.0,0.0,0.7578843
Killian,Cahill,0,0,0,0,0,0.0,0.0,0,0,0.0,0.0,0,0,0,1.1,39,GK,1,,0.0,0,0.0,0.0,0.7578843
Ruairi,McConville,0,0,0,0,0,0.0,0.0,0,0,0.0,0.0,0,0,0,0.0,40,DEF,0,0.0,0.0,0,0.0,0.0,0.7578843
Jacob,Slater,0,0,0,0,0,0.0,0.0,0,0,22.0,0.0,0,0,0,0.0,40,DEF,1,,0.0,0,0.0,0.0,0.7578843
Diego,Gómez,0,0,9,251,7,59.1,50.6,11,0,0.0,12.1,0,0,0,0.0,55,MID,1,100.0,1.3,0,1.5,1.04,35.487087
Fabian,Hürzeler,0,0,54,0,0,0.0,0.0,0,0,0.0,0.0,0,0,0,2.7,11,AM,1,,0.0,0,8.2,0.0,40.785572
Joe,Knight,0,0,0,0,0,0.0,0.0,0,0,383.0,0.0,0,0,0,0.0,45,MID,1,,0.0,0,0.0,0.0,0.7578843
Eiran,Cashin,0,0,0,0,0,0.0,0.0,0,0,0.0,0.0,0,0,0,0.0,45,DEF,1,,0.0,0,0.0,0.0,0.7578843
Andrey,Nascimento dos Santos,0,0,0,0,0,0.0,0.0,0,0,252.0,0.0,0,0,0,0.0,45,MID,0,0.0,0.0,0,0.0,0.0,0.7578843
Ângelo Gabriel,Borges Damaceno,0,0,0,0,0,0.0,0.0,0,0,0.0,0.0,0,0,0,0.1,45,MID,0,0.0,0.0,0,0.0,0.0,0.7578843
Benoît,Badiashile,0,0,7,332,5,12.6,66.0,0,0,0.0,7.9,0,0,0,0.1,42,DEF,1,100.0,1.4,0,0.5,0.08,14.09288
Lucas,Bergström,0,0,0,0,0,0.0,0.0,0,0,225.0,0.0,0,0,0,0.3,39,GK,1,,0.0,0,0.0,0.0,0.7578843
Marcus,Bettinelli,0,0,0,0,0,0.0,0.0,0,0,239.0,0.0,0,0,0,0.4,39,GK,1,,0.0,0,0.0,0.0,0.7578843
Moisés,Caicedo Corozo,1,3,73,2541,36,445.9,488.4,74,3,0.0,100.8,7,0,9,1.0,49,MID,1,,2.5,0,2.2,3.01,54.18681
Cesare,Casadei,0,0,0,0,0,0.0,0.0,0,0,0.0,0.0,0,0,0,0.1,44,MID,0,0.0,0.0,0,0.0,0.0,0.7578843
Trevoh,Chalobah,3,1,67,1355,20,89.5,374.8,164,8,40.0,63.1,3,0,1,0.7,44,DEF,1,100.0,3.7,0,0.5,1.98,75.222015
Carney,Chukwuemeka,0,0,0,0,0,0.0,0.0,0,0,84.0,0.0,0,0,0,0.0,47,MID,0,0.0,0.0,0,0.0,0.0,0.7578843
Levi,Colwill,1,1,72,2430,35,179.8,534.0,101,3,385.0,81.7,6,0,7,3.5,44,DEF,1,100.0,2.7,0,5.5,1.93,63.443073
Marc,Cucurella Saseta,4,2,93,2255,32,272.8,479.6,248,9,0.0,100.2,5,1,6,9.4,52,DEF,1,100.0,3.4,0,8.2,4.11,104.373985
David Datro,Fofana,0,0,0,0,0,0.0,0.0,0,0,0.0,0.0,0,0,0,0.1,54,FWD,0,0.0,0.0,0,0.0,0.0,0.7578843
Deivid Washington,de Souza Eugênio,0,0,0,0,0,0.0,0.0,0,0,152.0,0.0,0,0,0,0.1,49,FWD,0,0.0,0.0,0,0.0,0.0,0.7578843
Kiernan,Dewsbury-Hall,0,1,14,193,3,36.0,40.2,19,1,72.0,9.5,0,0,0,0.1,55,MID,1,100.0,1.6,0,0.5,0.42,20.445303
Enzo,Fernández,4,6,93,2136,31,861.0,554.6,373,6,0.0,179.2,5,0,6,4.1,47,MID,1,100.0,3.4,0,4.5,9.46,94.20109
Conor,Gallagher,0,0,0,0,0,0.0,0.0,0,0,81.0,0.0,0,0,0,0.1,59,MID,0,0.0,0.0,0,0.0,0.0,0.7578843
Alfie,Gilchrist,0,0,0,0,0,0.0,0.0,0,0,0.0,0.0,0,0,0,0.0,40,DEF,0,0.0,0.0,0,0.0,0.0,0.7578843
Malo,Gusto,0,1,41,1545,24,271.5,263.2,123,0,0.0,65.9,2,0,3,1.4,49,DEF,1,100.0,1.7,0,2.0,2.77,37.601067
Reece,James,1,1,24,678,12,134.4,136.8,17,1,324.0,28.9,0,0,1,0.9,48,DEF,1,100.0,2.2,0,0.8,0.79,41.457664
Omari,Kellyman,0,0,0,0,0,0.0,0.0,0,0,5.0,0.0,0,0,0,0.1,43,MID,1,0.0,0.0,0,0.0,0.0,0.7578843
Roméo,Lavia,0,1,16,538,10,100.5,91.2,5,0,26.0,19.8,1,0,4,0.4,45,MID,1,100.0,1.5,0,0.2,0.49,14.758089
Romelu,Lukaku Bolingoli,0,0,0,0,0,0.0,0.0,0,0,400.0,0.0,0,0,0,0.2,63,FWD,0,0.0,0.0,0,0.0,0.0,0.7578843
Malang,Sarr,0,0,0,0,0,0.0,0.0,0,0,115.0,0.0,0,0,0,0.0,45,DEF,0,0.0,0.0,0,0.0,0.0,0.7578843
Noni,Madueke,7,4,100,1449,23,353.7,416.8,801,12,717.0,157.2,3,0,3,3.1,60,MID,1,50.0,4.3,0,0.0,9.81,76.605385
Marc,Guiu Paz,0,0,3,71,2,11.8,4.4,6,0,0.0,2.2,0,0,0,0.5,47,FWD,1,50.0,1.0,0,0.0,0.02,1.4202721
Mykhailo,Mudryk,0,0,7,145,2,31.5,23.2,31,0,22.0,8.5,0,0,0,0.2,61,MID,1,0.0,1.0,0,0.0,0.9,1.4202721
Nicolas,Jackson,9,6,108,1735,19,318.7,501.8,854,15,275.0,167.8,8,0,5,6.2,77,FWD,1,50.0,4.7,0,0.0,12.36,84.209694
Christopher,Nkunku,3,2,58,856,16,189.9,229.2,328,5,128.0,74.6,2,0,2,2.7,57,MID,1,,2.3,0,4.5,5.93,52.89535
Cole,Palmer,14,8,181,2442,35,1006.0,881.0,844,31,133.0,273.4,6,0,4,51.0,108,MID,1,75.0,6.5,0,1.5,22.31,175.02109
Đorđe,Petrović,0,0,0,0,0,0.0,0.0,0,0,247.0,0.0,0,0,0,0.2,44,GK,0,0.0,0.0,0,0.0,0.0,0.7578843
Renato,Palma Veiga,0,0,7,176,2,9.2,30.4,19,0,174.0,5.9,1,0,2,0.1,44,MID,0,0.0,1.0,0,0.0,0.31,1.4202721
Robert,Sánchez,0,0,86,2070,28,10.0,605.0,0,9,0.0,61.4,5,0,5,6.7,45,GK,1,,3.7,1,3.0,0.01,83.52857
Tosin,Adarabioyo,1,1,50,1086,12,43.6,280.2,84,4,13.0,41.1,4,0,2,0.5,42,DEF,1,,3.1,0,4.5,1.02,67.971146
Wesley,Fofana,0,0,26,1172,13,85.0,200.2,33,2,90.0,31.9,2,0,7,0.3,43,DEF,1,100.0,1.9,0,1.8,0.62,33.87042
Jadon,Sancho,2,5,68,1424,22,406.7,262.8,299,3,0.0,96.7,4,0,1,1.0,62,MID,1,100.0,3.0,0,2.2,4.35,60.1092
Pedro,Lomba Neto,3,4,69,1524,19,480.0,323.6,360,5,-1.0,116.4,4,0,7,2.2,63,MID,1,100.0,2.7,0,5.0,5.07,66.42299
Caleb,Wiley,0,0,0,0,0,0.0,0.0,0,0,5.0,0.0,0,0,0,0.0,40,DEF,0,0.0,0.0,0,0.0,0.0,0.7578843
Filip,Jørgensen,0,0,18,540,9,0.0,157.6,0,0,0.0,15.9,1,0,0,0.9,42,GK,1,100.0,3.0,0,2.0,0.0,59.53211
João,Félix Sequeira,1,2,24,362,4,95.4,88.0,141,0,93.0,32.3,1,0,2,0.4,59,MID,0,0.0,2.0,0,0.0,2.75,22.70462
Samuel,Rak-Sakyi,0,0,0,0,0,0.0,0.0,0,0,0.0,0.0,0,0,0,0.0,45,MID,1,,0.0,0,0.0,0.0,0.7578843
Tyrique,George,0,1,7,84,0,60.9,32.0,23,0,71.0,11.5,0,0,1,0.0,45,MID,1,,1.4,0,1.5,0.39,34.306023
Josh,Acheampong,0,0,4,168,3,2.5,13.6,13,0,112.0,2.9,0,0,1,0.1,40,DEF,1,,1.0,0,0.2,0.23,7.4331255
Enzo,Maresca,0,0,31,0,0,0.0,0.0,0,0,3.0,0.0,0,0,0,1.7,15,AM,1,,0.0,0,5.5,0.0,33.698994
Mathis,Amougou,0,0,1,7,0,0.9,1.0,0,0,39.0,0.2,0,0,0,0.0,45,MID,1,,1.0,0,0.2,0.0,7.4331255
Aaron,Anselmino,0,0,0,0,0,0.0,0.0,0,0,0.0,0.0,0,0,0,0.0,40,DEF,1,,0.0,0,0.0,0.0,0.7578843
Shumaira,Mheuka,0,0,1,1,0,0.0,3.0,17,0,331.0,2.0,0,0,0,0.0,45,FWD,1,,1.0,0,0.2,0.06,7.4331255
Ishé,Samuels-Smith,0,0,0,0,0,0.0,0.0,0,0,312.0,0.0,0,0,0,0.0,40,DEF,1,,0.0,0,0.0,0.0,0.7578843
Genesis,Antwi,0,0,0,0,0,0.0,0.0,0,0,276.0,0.0,0,0,0,0.0,40,DEF,1,,0.0,0,0.0,0.0,0.7578843
Eddie,Nketiah,1,2,35,698,11,134.7,112.2,318,1,0.0,56.1,2,0,3,1.0,59,FWD,1,100.0,1.8,0,2.7,4.25,40.899406
Ben,Chilwell,0,0,2,49,1,15.6,17.0,9,0,202.0,4.2,0,0,1,0.5,46,DEF,1,100.0,0.7,0,0.3,0.31,9.026774
Naouirou,Ahamada,0,0,0,0,0,0.0,0.0,0,0,118.0,0.0,0,0,0,0.1,45,MID,0,0.0,0.0,0,0.0,0.0,0.7578843
Cheick,Doucouré,0,1,19,443,6,25.7,58.6,23,0,169.0,10.8,1,0,1,0.0,48,MID,1,0.0,1.5,0,0.0,0.51,8.7452345
Chris,Richards,0,1,53,1336,17,36.0,310.6,97,2,339.0,44.5,6,0,2,0.2,44,DEF,1,100.0,3.1,0,6.0,0.57,78.45227
Chadi,Riad Dnanou,0,0,1,90,2,1.3,18.2,0,0,0.0,2.0,0,0,0,0.0,43,DEF,1,0.0,1.0,0,0.0,0.02,1.4202721
Nathaniel,Clyne,0,0,16,392,9,36.6,56.8,5,0,0.0,9.7,1,0,1,0.1,43,DEF,1,,1.5,0,0.0,0.14,8.7452345
Malcolm,Ebiowei,0,0,0,0,0,0.0,0.0,0,0,301.0,0.0,0,0,0,0.0,45,MID,0,0.0,0.0,0,0.0,0.0,0.7578843
Eberechi,Eze,2,6,86,1925,20,705.4,416.8,513,6,291.0,163.4,8,0,1,7.9,67,MID,1,100.0,3.6,0,3.7,9.32,92.4029
Marc,Guéhi,3,2,101,2430,32,149.1,704.6,176,10,0.0,102.9,9,0,7,8.6,47,DEF,1,100.0,3.7,0,4.0,2.68,101.05052
Dean,Henderson,0,0,106,2520,33,10.0,645.0,4,6,0.0,65.7,9,0,3,13.4,46,GK,1,100.0,3.8,1,6.0,0.03,103.96995
Rob,Holding,0,0,0,0,0,0.0,0.0,0,0,43.0,0.0,0,0,0,0.1,42,DEF,0,0.0,0.0,0,0.0,0.0,0.7578843
Will,Hughes,0,4,53,1636,22,390.2,289.6,73,3,0.0,75.3,7,0,10,0.0,49,MID,1,0.0,2.2,0,1.7,2.98,46.458656
Daichi,Kamada,0,0,32,972,16,224.1,149.6,105,0,104.0,48.1,3,1,2,0.1,51,MID,1,100.0,1.3,0,1.0,1.85,26.061531
Jefferson,Lerma Solís,0,0,38,1538,19,136.0,242.0,165,0,0.0,54.1,5,0,5,0.0,48,MID,1,100.0,1.7,0,2.0,2.27,37.601067
Jean-Philippe,Mateta,12,2,123,2129,28,357.0,568.6,628,22,317.0,155.2,7,0,2,5.4,75,FWD,1,75.0,4.6,0,4.3,13.57,119.66326
Matheus,França de Oliveira,0,0,0,0,0,0.0,0.0,0,0,0.0,0.0,0,0,0,0.2,44,MID,1,100.0,0.0,0,0.0,0.0,0.7578843
Remi,Matthews,0,0,0,0,0,0.0,0.0,0,0,72.0,0.0,0,0,0,0.5,39,GK,1,,0.0,0,0.0,0.0,0.7578843
Tyrick,Mitchell,0,4,97,2399,31,464.7,490.0,127,4,4.0,108.5,10,0,2,2.0,48,DEF,1,,3.5,0,6.0,4.48,88.045334
Daniel,Muñoz,3,5,112,2344,28,456.2,598.0,397,7,0.0,145.1,9,0,7,15.8,51,DEF,1,100.0,4.1,0,7.7,6.47,112.13844
David,Ozoh,0,0,0,0,0,0.0,0.0,0,0,275.0,0.0,0,0,0,0.0,45,MID,0,0.0,0.0,0,0.0,0.0,0.7578843
Jesurun,Rak-Sakyi,0,0,0,0,0,0.0,0.0,0,0,1.0,0.0,0,0,0,0.0,45,MID,0,0.0,0.0,0,0.0,0.0,0.7578843
Jeffrey,Schlupp,0,0,12,95,3,42.9,22.8,46,0,0.0,11.0,0,0,0,0.0,46,MID,0,0.0,1.0,0,0.0,0.31,1.4202721
Joel,Ward,0,0,0,0,0,0.0,0.0,0,0,25.0,0.0,0,0,0,0.1,43,DEF,1,0.0,0.0,0,0.0,0.0,0.7578843
Adam,Wharton,0,0,22,840,11,280.2,182.2,54,0,0.0,51.7,2,0,1,0.1,47,MID,1,100.0,1.7,0,1.7,1.65,34.2476
Matt,Turner,0,0,0,0,0,0.0,0.0,0,0,6.0,0.0,0,0,0,8.8,39,GK,1,100.0,0.0,0,0.0,0.0,0.7578843
Ismaïla,Sarr,7,4,113,1927,23,440.3,512.6,684,12,153.0,163.7,8,0,3,4.2,56,MID,1,100.0,4.0,0,9.7,12.73,120.98029
Franco,Umeh-Chibueze,0,0,0,0,0,0.0,0.0,0,0,58.0,0.0,0,0,0,0.0,44,MID,1,100.0,0.0,0,0.0,0.0,0.7578843
Justin,Devenny,1,0,22,311,4,74.2,87.4,45,1,214.0,20.9,0,0,0,0.1,45,MID,1,,1.6,0,0.7,0.8,23.694252
Asher,Agbinone,0,0,2,4,0,10.6,4.0,1,0,147.0,1.5,0,0,0,0.0,45,MID,0,0.0,1.0,0,0.0,0.03,1.4202721
Kaden,Rodney,0,0,0,0,0,0.0,0.0,0,0,9.0,0.0,0,0,0,0.0,45,MID,1,,0.0,0,0.0,0.0,0.7578843
Maxence,Lacroix,1,2,93,2245,28,62.9,526.8,208,9,272.0,79.7,9,0,4,1.0,45,DEF,1,,3.7,0,5.7,3.15,103.4621
Caleb,Kporha,0,0,2,11,1,4.6,8.0,0,0,41.0,1.3,0,0,0,0.0,40,DEF,1,,1.0,0,0.0,0.02,1.4202721
Zach,Marsh,0,0,0,0,0,0.0,0.0,0,0,106.0,0.0,0,0,0,0.3,45,FWD,1,,0.0,0,0.0,0.0,0.7578843
Romain,Esse,1,0,9,8,0,0.3,35.2,35,2,-1.0,7.1,0,0,0,0.1,47,MID,1,,4.5,0,0.3,0.32,56.491814
Oliver,Glasner,0,0,61,0,0,0.0,0.0,0,0,29.0,0.0,0,0,0,10.5,8,AM,1,,0.0,0,16.3,0.0,106.311516
Armando,Broja,0,0,6,166,2,28.9,12.8,31,0,0.0,6.6,0,0,1,0.1,53,FWD,1,100.0,1.0,0,0.3,0.2,9.364901
Abdoulaye,Doucouré,2,1,67,1980,27,303.8,244.2,237,2,87.0,78.1,9,1,2,0.5,51,MID,1,100.0,2.7,0,1.3,4.28,60.393635
Norberto Bercique,Gomes Betuncal,6,0,62,920,17,88.0,277.8,447,9,0.0,80.5,2,0,1,7.6,51,FWD,1,,3.0,0,2.0,5.52,59.53211
Jarrad,Branthwaite,0,1,67,1806,20,41.6,465.6,87,3,299.0,59.5,7,0,3,1.6,48,DEF,1,100.0,3.0,0,2.0,1.0,59.53211
Dominic,Calvert-Lewin,3,2,59,1571,17,124.7,191.0,527,3,232.0,83.6,8,0,2,1.1,54,FWD,1,0.0,2.7,0,0.0,6.68,30.501934
Séamus,Coleman,0,0,3,196,4,1.9,38.0,21,0,345.0,6.2,0,0,1,0.0,43,DEF,1,100.0,1.0,0,0.0,0.63,1.4202721
Idrissa,Gueye,0,3,70,2266,33,266.5,411.8,100,5,25.0,77.8,8,0,6,0.4,48,MID,1,100.0,2.5,0,3.7,2.76,64.309944
James,Garner,0,1,24,858,12,158.7,156.4,34,0,335.0,34.7,2,0,3,0.0,49,MID,1,100.0,2.0,0,2.0,1.11,45.115665
Jack,Harrison,1,2,58,1498,22,391.0,215.6,238,3,295.0,83.8,4,0,0,0.2,52,MID,1,100.0,2.3,0,4.7,5.39,59.893364
Mason,Holgate,0,0,1,5,1,0.0,0.0,0,0,0.0,0.0,0,0,0,0.1,40,DEF,0,0.0,1.0,0,0.0,0.0,1.4202721
Tim,Iroegbunam,0,1,17,468,13,39.6,99.4,32,0,245.0,17.2,0,0,3,0.8,43,MID,1,100.0,1.3,0,0.7,0.37,18.522882
João,Neves Virgínia,0,0,0,0,0,0.0,0.0,0,0,127.0,0.0,0,0,0,0.6,39,GK,1,,0.0,0,0.0,0.0,0.7578843
Michael,Keane,2,0,33,812,17,22.9,221.6,84,3,42.0,33.0,2,0,4,4.1,39,DEF,1,100.0,3.3,0,0.0,0.45,51.8596
Neal,Maupay,0,0,0,0,0,0.0,0.0,0,0,1.0,0.0,0,0,0,0.2,49,FWD,0,0.0,0.0,0,0.0,0.0,0.7578843
Dwight,McNeil,3,5,65,1140,21,547.4,287.4,169,6,0.0,100.5,4,0,1,1.2,51,MID,1,50.0,5.0,0,0.0,4.82,92.484375
Vitalii,Mykolenko,0,2,85,2362,32,317.8,439.0,66,6,0.0,82.4,8,0,2,8.7,44,DEF,1,75.0,3.1,0,3.3,2.0,77.78997
Iliman,Ndiaye,6,0,81,1874,20,279.4,449.4,333,15,0.0,106.5,11,0,3,0.9,52,FWD,1,0.0,3.4,0,0.0,4.61,64.34627
Nathan,Patterson,0,0,7,124,2,36.9,28.0,8,0,175.0,7.3,0,0,0,0.0,44,DEF,1,100.0,1.0,0,0.0,0.37,1.4202721
Jordan,Pickford,0,1,116,2610,36,20.3,775.6,0,10,0.0,79.4,9,0,6,18.4,51,GK,1,,4.0,2,2.3,0.18,95.69775
James,Tarkowski,1,1,95,2601,36,164.2,763.6,192,7,0.0,112.5,9,0,4,3.7,49,DEF,1,100.0,3.3,0,2.0,3.1,74.27073
Youssef,Ramalho Chermiti,0,0,0,11,0,0.3,2.2,22,0,0.0,2.5,0,0,1,0.0,49,FWD,1,100.0,0.0,0,0.0,0.07,0.7578843
Ashley,Young,1,4,80,1551,22,279.2,363.4,46,8,143.0,69.1,7,1,6,1.9,44,DEF,1,100.0,3.2,0,0.7,2.09,60.674217
Carlos,Alcaraz Durán,1,1,19,323,3,136.6,111.2,127,3,298.0,37.6,0,0,2,0.1,49,MID,1,100.0,2.7,0,1.0,1.32,49.89224
Jesper,Lindstrøm,0,1,44,1229,14,309.6,214.2,237,0,153.0,76.0,6,0,2,0.1,50,MID,1,,1.8,0,2.7,4.11,40.899406
Jake,O'Brien,2,0,40,848,10,101.3,241.8,81,4,232.0,42.5,2,0,3,0.3,45,DEF,1,,3.3,0,7.3,0.82,72.86894
Harrison,Armstrong,0,0,2,47,1,10.9,1.8,9,0,234.0,2.2,0,0,1,0.1,44,MID,0,0.0,0.7,0,0.0,0.37,1.0821435
Jenson,Metcalfe,0,0,0,0,0,0.0,0.0,0,0,251.0,0.0,0,0,0,0.0,45,MID,0,0.0,0.0,0,0.0,0.0,0.7578843
Asmir,Begovic,0,0,0,0,0,0.0,0.0,0,0,0.0,0.0,0,0,0,0.2,40,GK,1,,0.0,0,0.0,0.0,0.7578843
Roman,Dixon,0,0,0,90,4,0.3,15.4,0,0,121.0,1.6,0,0,0,0.1,40,DEF,1,,0.0,0,0.0,0.0,0.7578843
Orel,Mangala,1,0,39,1257,10,133.5,172.8,106,0,117.0,41.4,5,0,2,0.0,50,MID,1,0.0,2.1,0,0.0,1.72,25.540716
Callum,Bates,0,0,0,0,0,0.0,0.0,0,0,113.0,0.0,0,0,0,0.0,45,MID,1,,0.0,0,0.0,0.0,0.7578843
Martin,Sherif,0,0,0,0,0,0.0,0.0,0,0,0.0,0.0,0,0,0,0.1,45,FWD,1,,0.0,0,0.0,0.0,0.7578843
David,Moyes,0,0,66,0,0,0.0,0.0,0,0,469.0,0.0,0,0,0,10.6,5,AM,1,,0.0,0,4.0,0.0,35.18911
Isaac,Heath,0,0,0,0,0,0.0,0.0,0,0,296.0,0.0,0,0,0,0.0,45,MID,1,,0.0,0,0.0,0.0,0.7578843
Coby,Ebere,0,0,0,0,0,0.0,0.0,0,0,200.0,0.0,0,0,0,0.0,45,MID,1,,0.0,0,0.0,0.0,0.7578843
Reiss,Nelson,1,1,27,483,9,223.9,131.6,195,2,0.0,55.1,1,0,1,0.0,50,MID,1,0.0,2.2,0,0.0,2.03,27.40109
Emile,Smith Rowe,5,2,95,1722,23,329.5,349.8,326,13,171.0,100.6,7,0,1,8.2,51,MID,1,100.0,3.7,0,1.5,5.72,95.43523
Joachim,Andersen,0,0,41,1863,31,66.7,424.6,80,3,335.0,57.3,4,1,5,3.7,42,DEF,1,100.0,2.0,0,1.8,0.83,41.11519
Adama,Traoré,2,5,73,1396,20,482.1,308.8,382,6,0.0,117.4,3,0,2,1.5,46,MID,1,100.0,2.7,0,2.5,7.64,58.15575
Andreas,Hoelgebaum Pereira,2,6,70,1570,21,702.2,308.6,250,2,23.0,125.9,5,0,7,0.9,49,MID,1,100.0,2.7,0,3.8,6.8,54.192677
Calvin,Bassey,1,0,67,2444,35,68.9,465.4,147,0,368.0,68.1,5,0,5,0.6,45,DEF,1,100.0,2.4,0,2.2,1.26,52.39345
Steven,Benda,0,0,0,0,0,0.0,0.0,0,0,2.0,0.0,0,0,0,0.4,39,GK,1,,0.0,0,0.0,0.0,0.7578843
Tom,Cairney,1,0,22,424,8,160.1,103.8,34,0,152.0,29.8,1,1,2,0.0,48,MID,1,100.0,1.2,0,0.5,1.07,17.849699
Timothy,Castagne,0,1,41,1337,21,154.7,289.0,117,0,6.0,56.2,3,0,1,1.5,42,DEF,1,100.0,2.2,0,2.5,0.85,55.054882
Issa,Diop,0,0,30,1258,17,43.2,245.4,81,0,242.0,36.7,1,0,2,0.2,44,DEF,1,,1.5,0,1.0,0.57,28.135546
Luke,Harris,0,0,0,0,0,0.0,0.0,0,0,3.0,0.0,0,0,0,0.0,45,MID,0,0.0,0.0,0,0.0,0.0,0.7578843
Alex,Iwobi,7,4,120,2360,32,748.8,624.4,558,12,17.0,193.2,6,0,1,4.7,56,MID,1,,4.1,0,2.8,8.87,101.13156
Bernd,Leno,0,2,94,2610,38,20.0,708.8,0,5,25.0,72.8,5,0,3,2.6,50,GK,1,,3.2,0,4.8,0.02,77.26151
Saša,Lukić,0,2,42,1742,28,358.0,276.2,79,1,1.0,71.3,3,0,10,0.0,48,MID,1,100.0,1.9,0,0.8,1.95,29.516438
Kevin,Mbabu,0,0,0,0,0,0.0,0.0,0,0,182.0,0.0,0,0,0,0.1,40,DEF,0,0.0,0.0,0,0.0,0.0,0.7578843
Rodrigo,Muniz Carvalho,6,1,73,799,14,93.4,282.2,399,13,0.0,77.2,2,0,1,1.5,55,FWD,1,100.0,2.6,0,4.5,5.0,62.290462
Raúl,Jiménez,10,3,118,1830,25,256.7,495.8,846,20,0.0,159.6,7,0,3,7.4,55,FWD,1,,4.1,0,3.2,12.06,116.50015
Tim,Ream,0,0,0,0,0,0.0,0.0,0,0,74.0,0.0,0,0,0,0.0,45,DEF,0,0.0,0.0,0,0.0,0.0,0.7578843
Harrison,Reed,0,0,8,71,3,20.5,12.4,26,0,15.0,5.8,0,0,2,0.0,47,MID,1,100.0,0.8,0,0.2,0.23,5.7998915
Antonee,Robinson,0,10,98,2538,37,608.4,757.8,178,8,0.0,154.6,5,0,7,23.1,50,DEF,1,75.0,3.4,0,2.0,4.1,86.75739
Jay,Stansfield,0,0,1,1,0,0.0,0.0,0,0,57.0,0.0,0,0,0,0.0,50,FWD,0,0.0,1.0,0,0.0,0.0,1.4202721
Kenny,Tete,0,2,37,1262,17,120.9,258.8,115,0,69.0,49.4,2,0,3,0.2,44,DEF,1,50.0,2.5,0,0.0,1.46,31.198643
Carlos Vinícius,Alves Morais,0,0,1,3,0,0.0,4.0,19,0,144.0,2.3,0,0,0,0.3,50,FWD,1,100.0,1.0,0,0.0,0.06,1.4202721
Harry,Wilson,5,2,63,829,13,259.1,252.4,298,6,115.0,80.1,2,0,2,0.2,52,MID,1,50.0,3.3,0,0.0,4.23,51.8596
Ryan,Sessegnon,2,0,20,92,2,26.4,86.4,57,0,-5.0,16.9,0,0,0,0.2,41,DEF,1,100.0,2.9,0,4.0,0.89,67.434006
Jorge,Cuenca Barreno,0,0,6,168,4,0.5,43.6,0,0,174.0,4.3,0,0,0,0.0,44,DEF,1,100.0,1.2,0,0.5,0.0,17.849699
Josh,King,0,0,7,78,0,37.3,21.4,24,0,296.0,8.4,1,0,0,0.1,44,MID,1,,1.4,0,0.0,0.85,5.4901547
Martial,Godo,0,0,1,14,0,0.5,1.0,6,0,3.0,0.8,0,0,0,0.0,44,MID,1,,1.0,0,0.0,0.0,1.4202721
Sander,Berge,0,0,41,1643,21,225.5,266.0,28,2,119.0,51.9,4,0,4,0.0,50,MID,1,100.0,1.9,0,1.5,0.59,44.2757
Samuel,Amissah,0,0,0,0,0,0.0,0.0,0,0,4.0,0.0,0,0,0,0.0,40,DEF,1,,0.0,0,0.0,0.0,0.7578843
Marco Alexandre,Saraiva da Silva,0,0,55,0,0,0.0,0.0,0,0,63.0,0.0,0,0,0,0.6,11,AM,1,,0.0,0,4.8,0.0,29.196869
Willian,Borges da Silva,0,0,7,128,1,47.6,13.4,13,0,0.0,7.5,1,0,0,0.0,50,MID,1,,1.4,0,1.5,0.34,34.306023
Julio,Enciso,0,1,24,554,9,150.8,101.0,231,0,205.0,48.1,2,0,2,0.1,54,MID,1,100.0,1.4,0,1.0,2.22,24.880472
Ali,Al-Hamadi,0,0,8,125,5,25.7,5.6,32,0,21.0,6.0,0,0,3,0.2,47,FWD,0,0.0,0.7,0,0.0,0.39,1.0821435
Elkan,Baggott,0,0,0,0,0,0.0,0.0,0,0,0.0,0.0,0,0,0,0.0,40,DEF,0,0.0,0.0,0,0.0,0.0,0.7578843
Nathan,Broadhead,0,0,17,445,8,78.3,60.4,108,0,30.0,24.7,1,0,1,0.0,49,MID,1,100.0,1.3,0,1.0,2.12,26.061531
Cameron,Burgess,0,1,15,945,24,43.1,248.4,78,0,284.0,37.0,0,0,0,2.0,38,DEF,1,100.0,1.4,0,0.2,0.96,11.503018
Wes,Burns,0,1,30,922,23,148.5,111.6,66,0,0.0,31.8,1,0,1,0.0,48,MID,1,0.0,1.7,0,0.0,1.67,15.189999
Conor,Chaplin,1,2,33,605,12,120.4,95.6,86,0,0.0,29.7,1,0,1,0.1,51,MID,1,50.0,2.2,0,0.0,1.72,27.40109
Harry,Clarke,0,0,1,377,10,24.4,48.2,35,0,80.0,10.5,0,1,1,0.1,40,DEF,0,0.0,0.1,0,0.0,0.18,1.4319502
Leif,Davis,1,2,51,2461,60,758.8,448.6,128,5,45.0,133.5,2,0,5,1.2,43,DEF,1,100.0,1.8,0,0.8,5.07,29.255331
Liam,Delap,10,2,108,2172,48,265.2,428.4,654,17,38.0,133.9,3,0,9,3.5,56,FWD,1,100.0,3.9,0,1.8,9.64,85.3618
George,Edmundson,0,0,1,1,0,0.0,0.0,0,0,63.0,0.0,0,0,0,0.1,40,DEF,0,0.0,1.0,0,0.0,0.0,1.4202721
Jacob,Greaves,1,0,32,1665,38,39.7,442.4,135,0,124.0,61.8,2,0,4,4.1,39,DEF,1,100.0,1.7,0,0.5,1.39,23.79271
Marcus,Myers-Harness,0,0,2,43,2,1.9,9.4,6,0,180.0,1.7,0,0,0,0.0,49,MID,0,0.0,1.0,0,0.0,0.05,1.4202721
George,Hirst,2,1,30,258,6,40.4,99.8,114,2,27.0,25.3,0,0,1,0.0,54,FWD,1,100.0,1.8,0,2.0,1.2,37.609783
Cameron,Humphreys,0,0,0,0,0,0.0,0.0,0,0,11.0,0.0,0,0,0,0.0,45,MID,0,0.0,0.0,0,0.0,0.0,0.7578843
Omari,Giraud-Hutchinson,3,2,77,2225,53,369.9,333.4,354,6,158.0,105.9,3,0,5,0.3,52,MID,1,100.0,2.9,0,3.5,3.98,62.058956
Ben,Johnson,0,1,17,945,27,97.0,182.2,47,0,131.0,32.6,0,0,3,1.9,39,DEF,1,100.0,1.0,0,0.2,1.09,7.4331255
Freddie,Ladapo,0,0,0,0,0,0.0,0.0,0,0,125.0,0.0,0,0,0,0.4,45,FWD,0,0.0,0.0,0,0.0,0.0,0.7578843
Massimo,Luongo,0,0,9,179,5,5.6,31.2,2,0,109.0,4.0,0,0,0,0.2,44,MID,1,100.0,1.3,0,0.0,0.01,6.6712227
Sam,Morsy,1,1,51,1977,47,251.1,309.2,26,5,29.0,58.5,2,0,8,0.1,48,MID,1,100.0,2.1,0,0.0,1.34,25.540716
Corrie,Ndaba,0,0,0,0,0,0.0,0.0,0,0,-11.0,0.0,0,0,0,0.0,40,DEF,0,0.0,0.0,0,0.0,0.0,0.7578843
Cieran,Slicker,0,0,0,0,0,0.0,0.0,0,0,0.0,0.0,0,0,0,0.6,39,GK,1,,0.0,0,0.0,0.0,0.7578843
Jack,Taylor,1,0,27,478,9,86.5,101.2,68,1,243.0,25.6,0,0,3,0.0,48,MID,1,100.0,1.2,0,1.0,1.3,28.637299
Axel,Tuanzebe,0,1,19,1095,24,67.1,193.2,21,0,186.0,28.1,1,1,3,1.4,39,DEF,1,0.0,1.4,0,1.0,0.32,24.880472
Christian,Walton,0,0,14,540,16,10.0,139.4,0,2,14.0,14.9,1,0,0,0.2,43,GK,1,100.0,2.3,0,0.0,0.0,23.04055
Luke,Woolfenden,0,0,16,1007,23,6.1,211.6,8,0,152.0,22.7,1,0,2,1.3,39,DEF,1,,1.2,0,0.5,0.05,17.849699
Kalvin,Phillips,0,0,25,1201,30,114.7,174.2,37,0,0.0,32.5,1,1,4,0.1,48,MID,1,100.0,1.5,0,1.0,0.9,28.135546
Arijanet,Muric,0,0,49,1620,33,0.0,531.2,0,5,29.0,53.1,1,0,1,0.6,44,GK,1,100.0,2.7,0,0.0,0.01,30.501934
Jaden,Philogene,2,0,35,782,21,98.2,159.0,185,3,32.0,43.5,2,1,2,0.1,53,MID,1,100.0,1.9,0,5.5,2.69,48.400936
Conor,Townsend,0,0,4,136,3,42.6,53.8,2,0,61.0,9.9,0,0,0,0.6,39,DEF,1,,1.3,0,0.0,0.15,6.6712227
Sam,Szmodics,4,0,53,976,17,81.6,211.4,263,2,118.0,55.1,2,0,2,0.2,57,MID,1,0.0,2.8,0,0.2,3.88,40.278736
Jens,Cajuste,1,0,46,1435,35,136.7,183.6,39,2,127.0,35.6,1,0,2,0.1,45,MID,1,100.0,2.1,0,3.5,0.71,54.596863
Dara,O'Shea,0,1,36,2312,55,45.0,612.6,151,1,0.0,80.8,2,0,6,1.4,39,DEF,1,100.0,1.4,0,1.2,1.11,21.288895
Jack,Clarke,0,4,43,855,25,240.3,178.8,113,0,163.0,53.0,1,0,2,0.0,54,MID,1,,1.8,0,3.2,1.88,57.720226
Chiedozie,Ogbene,0,0,7,237,3,30.2,22.8,12,0,0.0,6.4,0,0,0,0.0,48,MID,1,0.0,1.4,0,0.0,0.05,5.4901547
Ben,Godfrey,0,0,-1,108,7,2.3,8.8,2,0,125.0,1.3,0,0,1,0.0,40,DEF,1,,-0.5,0,-0.2,0.02,0.7578843
Kieran,McKenna,0,0,16,0,0,0.0,0.0,0,0,152.0,0.0,0,0,0,0.2,5,AM,1,,0.0,0,1.2,0.0,16.556614
Alex,Palmer,0,0,9,450,13,10.0,152.4,0,0,0.0,16.1,0,0,0,0.1,45,GK,1,,1.8,0,1.2,0.0,30.997438
Facundo,Buonanotte,4,2,63,1312,29,365.4,359.4,260,4,202.0,98.2,2,0,7,0.5,46,MID,1,100.0,2.5,0,1.3,5.62,61.09035
Jordan,Ayew,4,0,58,1312,36,238.2,238.2,271,3,66.0,74.7,2,0,6,0.2,51,MID,1,100.0,2.3,0,0.3,4.57,30.985184
Odsonne,Edouard,0,0,7,141,3,25.0,5.0,50,0,204.0,8.0,0,0,0,0.2,51,FWD,1,100.0,1.2,0,0.0,0.46,9.246977
Boubakary,Soumaré,0,0,32,1559,41,215.8,221.8,38,0,84.0,47.6,0,0,8,0.3,44,MID,1,100.0,1.5,0,2.0,1.07,31.156324
Tom,Cannon,0,0,0,0,0,0.0,0.0,0,0,10.0,0.0,0,0,0,0.3,45,FWD,0,0.0,0.0,0,0.0,0.0,0.7578843
Hamza,Choudhury,0,0,4,129,5,30.4,33.8,6,0,0.0,7.0,0,0,0,1.4,44,MID,0,0.0,1.0,0,0.0,0.19,1.4202721
Conor,Coady,0,0,12,902,27,26.3,200.2,6,0,44.0,23.3,0,0,1,0.3,40,DEF,1,100.0,0.9,0,1.0,0.47,21.697517
Patson,Daka,1,0,25,450,10,24.4,66.8,92,2,12.0,17.7,0,0,0,0.6,48,FWD,1,100.0,1.6,0,1.7,0.82,30.9002
Bobby,De Cordova-Reid,1,4,43,628,16,83.5,98.4,63,2,319.0,24.6,0,0,2,0.1,52,MID,1,100.0,2.1,0,1.0,0.89,44.931007
Wout,Faes,1,0,35,2092,50,65.3,522.0,103,0,83.0,69.1,1,0,3,5.9,39,DEF,1,100.0,1.3,0,1.3,1.54,36.562935
Michael,Golding,0,0,0,0,0,0.0,0.0,0,0,-5.0,0.0,0,0,0,0.2,44,MID,1,,0.0,0,0.0,0.0,0.7578843
Mads,Hermansen,0,0,54,1935,47,0.2,690.2,0,1,248.0,69.1,1,0,0,0.4,44,GK,1,100.0,2.5,1,4.0,0.02,65.62985
Daniel,Iversen,0,0,0,0,0,0.0,0.0,0,0,90.0,0.0,0,0,0,0.8,39,GK,1,,0.0,0,0.0,0.0,0.7578843
James,Justin,2,1,48,2274,55,214.2,475.0,194,2,125.0,88.7,1,0,3,1.2,41,DEF,1,100.0,1.8,0,1.3,2.06,45.090424
Victor,Kristiansen,0,1,32,2276,55,340.0,487.4,36,0,3.0,86.1,1,0,1,0.1,44,DEF,1,100.0,1.2,0,1.3,1.8,39.138695
Wanya,Marçal-Madivádua,0,0,0,0,0,0.0,0.0,0,0,0.0,0.0,0,0,0,0.0,45,MID,0,0.0,0.0,0,0.0,0.0,0.7578843
Stephy,Mavididi,3,1,60,1387,35,333.8,284.8,261,3,194.0,87.7,1,0,2,0.3,50,MID,1,,2.2,0,1.0,4.73,46.79137
Kasey,McAteer,0,1,19,388,9,71.1,65.8,69,0,0.0,20.4,1,0,1,0.0,47,MID,1,100.0,1.6,0,0.3,0.77,19.787222
Wilfred,Ndidi,0,4,46,1646,35,188.9,392.4,237,1,0.0,81.7,1,0,5,0.2,49,MID,1,100.0,2.3,0,1.7,2.97,42.098133
Caleb,Okoli,0,0,19,1001,24,12.8,261.6,38,1,3.0,31.3,1,0,3,0.5,40,DEF,1,100.0,1.2,0,0.0,0.27,9.246977
Ricardo,Barbosa Pereira,0,0,3,152,4,8.2,21.6,11,0,0.0,4.1,0,0,1,0.1,41,DEF,1,100.0,1.0,0,0.3,0.08,9.364901
Harry,Souttar,0,0,0,0,0,0.0,0.0,0,0,229.0,0.0,0,0,0,0.0,40,DEF,0,0.0,0.0,0,0.0,0.0,0.7578843
Jakub,Stolarczyk,0,0,10,540,12,0.0,140.8,0,0,428.0,14.1,0,0,1,0.5,40,GK,1,100.0,1.7,0,0.0,0.0,15.189999
Luke,Thomas,0,0,5,362,10,18.7,81.8,12,0,0.0,11.2,0,0,0,1.6,39,DEF,1,,1.0,0,1.3,0.12,31.311966
Jamie,Vardy,7,4,100,2226,56,247.3,400.0,625,13,47.0,127.0,1,0,4,4.8,53,FWD,1,100.0,3.7,0,2.0,11.74,89.030396
Jannik,Vestergaard,0,0,11,1390,35,46.6,321.0,53,0,0.0,42.4,0,0,5,1.7,39,DEF,1,100.0,0.6,0,-0.3,0.19,3.193791
Danny,Ward,0,0,2,135,6,0.0,35.4,0,0,198.0,3.6,0,0,0,2.1,39,GK,1,,1.0,0,0.0,0.0,1.4202721
Harry,Winks,0,2,40,1536,34,319.6,272.8,37,0,176.0,63.2,0,0,4,5.3,44,MID,1,100.0,1.8,0,1.0,1.76,34.589027
Oliver,Skipp,0,0,19,770,22,120.1,87.0,26,0,0.0,23.4,1,0,4,0.0,47,MID,1,,1.2,0,0.0,0.41,9.246977
Abdul,Fatawu,0,2,26,576,14,104.3,147.6,148,3,40.0,40.1,0,0,0,0.2,51,MID,1,0.0,2.4,0,0.0,1.83,29.405281
Will,Alves,0,0,1,1,0,0.3,0.0,0,0,30.0,0.0,0,0,0,0.1,44,MID,0,0.0,1.0,0,0.0,0.0,1.4202721
Ben,Nelson,0,0,0,0,0,0.0,0.0,0,0,401.0,0.0,0,0,0,0.0,40,DEF,0,0.0,0.0,0,0.0,0.0,0.7578843
Bilal,El Khannouss,2,1,57,1522,42,377.6,257.4,113,5,83.0,74.7,1,0,3,0.2,48,MID,1,,2.4,0,1.7,2.39,48.462887
Henry,Cartwright,0,0,0,0,0,0.0,0.0,0,0,351.0,0.0,0,0,0,0.0,45,MID,1,,0.0,0,0.0,0.0,0.7578843
Thomas,Wilson-Brown,0,0,0,0,0,0.0,0.0,0,0,253.0,0.0,0,0,0,0.0,40,DEF,0,0.0,0.0,0,0.0,0.0,0.7578843
Woyo,Coulibaly,0,0,1,107,6,3.4,24.4,24,0,127.0,5.2,0,0,1,0.0,40,DEF,1,,0.2,0,0.0,0.08,1.3674604
Ruud,van Nistelrooij,0,0,8,0,0,0.0,0.0,0,0,269.0,0.0,0,0,0,0.3,5,AM,1,,0.0,0,0.0,0.0,0.7578843
Alisson,Ramses Becker,0,0,90,1878,18,13.0,406.2,0,9,333.0,41.8,9,0,0,9.8,56,GK,1,75.0,4.3,0,5.7,0.2,113.44815
Trent,Alexander-Arnold,2,6,135,2144,21,792.6,661.0,232,13,742.0,168.3,12,0,4,26.1,74,DEF,1,25.0,4.8,0,4.7,8.07,125.15865
Stefan,Bajčetić Maquieira,0,0,0,0,0,0.0,0.0,0,0,320.0,0.0,0,0,0,0.0,45,MID,0,0.0,0.0,0,0.0,0.0,0.7578843
Conor,Bradley,0,0,16,364,5,23.7,53.6,104,0,0.0,18.1,1,0,2,0.2,47,DEF,1,0.0,1.3,0,0.0,0.75,6.6712227
Bobby,Clark,0,0,0,0,0,0.0,0.0,0,0,0.0,0.0,0,0,0,0.0,45,MID,0,0.0,0.0,0,0.0,0.0,0.7578843
Darwin,Núñez Ribeiro,5,3,60,957,17,112.4,248.2,353,6,0.0,70.8,2,0,7,2.0,70,FWD,1,100.0,2.6,0,3.7,5.26,65.54695
Diogo,Teixeira da Silva,5,4,72,835,7,137.7,252.2,412,4,22.0,79.8,6,0,1,2.6,72,MID,1,100.0,4.0,0,1.3,7.22,95.27291
Ben,Doak,0,0,0,0,0,0.0,0.0,0,0,0.0,0.0,0,0,0,0.0,45,MID,0,0.0,0.0,0,0.0,0.0,0.7578843
Harvey,Elliott,0,1,14,121,1,63.4,39.6,45,0,284.0,14.9,0,0,0,0.2,52,MID,1,100.0,1.3,0,0.7,0.58,18.522882
Endo,Wataru,0,0,14,137,1,17.7,28.2,4,0,338.0,4.9,0,0,0,0.1,46,MID,1,,1.0,0,1.0,0.04,20.810583
Cody,Gakpo,8,4,96,1400,14,401.4,472.2,504,15,116.0,137.9,5,0,4,6.7,74,FWD,1,100.0,3.7,0,0.7,8.63,78.471
Joe,Gomez,0,0,14,517,8,38.5,130.4,58,0,388.0,22.8,1,0,1,0.4,47,DEF,1,0.0,1.6,0,0.0,0.42,11.842586
Ryan,Gravenberch,0,2,71,2471,24,396.7,425.0,85,1,4.0,90.9,12,0,5,0.7,50,MID,1,75.0,2.4,0,2.7,3.91,55.10598
Curtis,Jones,3,5,70,1159,17,242.9,311.0,319,4,6.0,86.8,4,1,1,0.3,53,MID,1,100.0,2.9,0,1.7,4.87,52.060383
Caoimhin,Kelleher,0,0,37,720,9,0.0,196.8,0,1,0.0,19.7,3,0,0,1.1,40,GK,1,,4.6,1,0.0,0.0,79.488655
Ibrahima,Konaté,1,2,82,1894,17,136.1,459.0,87,1,0.0,68.5,9,0,5,7.1,52,DEF,1,100.0,3.6,0,4.7,1.89,96.14443
Luis,Díaz,9,6,138,1845,14,522.5,537.8,702,15,0.0,176.1,13,0,2,15.3,75,MID,1,100.0,4.9,0,5.7,10.73,136.28116
Mohamed,Salah,27,17,306,2570,27,923.1,1436.6,1669,51,2.0,402.7,12,0,1,69.4,137,MID,1,,10.6,0,11.7,28.39,250.98755
Alexis,Mac Allister,3,4,87,2110,17,525.1,469.4,286,3,0.0,127.9,12,0,6,1.7,62,MID,1,100.0,3.1,0,4.0,6.23,72.54758
James,McConnell,0,0,0,0,0,0.0,0.0,0,0,235.0,0.0,0,0,0,0.1,44,MID,1,100.0,0.0,0,0.0,0.0,0.7578843
Tyler,Morton,0,0,0,0,0,0.0,0.0,0,0,115.0,0.0,0,0,0,0.1,44,MID,1,0.0,0.0,0,0.0,0.0,0.7578843
Nathaniel,Phillips,0,0,0,0,0,0.0,0.0,0,0,382.0,0.0,0,0,0,0.1,40,DEF,0,0.0,0.0,0,0.0,0.0,0.7578843
Jarell,Quansah,0,0,9,286,5,6.3,75.6,6,0,0.0,8.9,0,0,1,1.2,39,DEF,1,100.0,0.9,0,1.0,0.14,21.697517
Rhys,Williams,0,0,0,0,0,0.0,0.0,0,0,0.0,0.0,0,0,0,0.0,40,DEF,0,0.0,0.0,0,0.0,0.0,0.7578843
Andrew,Robertson,0,0,76,2014,24,599.3,333.0,148,3,300.0,107.9,9,1,3,4.0,58,DEF,1,,2.8,0,2.3,4.27,64.58246
Dominik,Szoboszlai,5,7,111,1948,19,589.2,439.0,503,13,258.0,153.1,10,0,6,3.8,64,MID,1,100.0,4.1,0,8.3,10.66,115.720924
Konstantinos,Tsimikas,0,1,32,509,3,130.4,136.6,35,1,188.0,30.4,3,0,2,0.2,46,DEF,1,100.0,2.3,0,2.3,1.22,53.357098
Virgil,van Dijk,1,1,108,2610,27,167.1,683.2,232,4,382.0,108.1,12,0,3,21.7,64,DEF,1,,3.7,0,5.0,2.28,102.54035
Federico,Chiesa,0,0,3,25,1,1.8,0.8,15,0,141.0,1.7,0,0,0,0.2,68,MID,1,100.0,1.0,0,0.0,0.25,1.4202721
Vítezslav,Jaros,0,0,1,11,0,0.0,8.8,0,0,336.0,0.9,0,0,0,0.1,40,GK,1,,1.0,0,0.0,0.0,1.4202721
Harvey,Davies,0,0,0,0,0,0.0,0.0,0,0,641.0,0.0,0,0,0,0.0,40,GK,1,,0.0,0,0.0,0.0,0.7578843
Treymaurice,Nyoni,0,0,0,0,0,0.0,0.0,0,0,0.0,0.0,0,0,0,0.0,45,MID,1,,0.0,0,0.0,0.0,0.7578843
Amara,Nallo,0,0,0,0,0,0.0,0.0,0,0,0.0,0.0,0,0,0,0.0,40,DEF,1,,0.0,0,0.0,0.0,0.7578843
Jayden,Danns,0,0,1,10,1,0.3,0.0,0,0,358.0,0.0,0,0,0,0.0,45,FWD,0,0.0,1.0,0,0.0,0.01,1.4202721
Arne,Slot,0,0,67,0,0,0.0,0.0,0,0,198.0,0.0,0,0,0,24.6,15,AM,1,,0.0,0,9.7,0.0,56.35704
Manuel,Akanji,0,0,44,1707,27,231.8,291.8,56,1,186.0,58.0,4,0,3,2.3,53,DEF,1,0.0,2.2,0,0.0,1.79,27.40109
Nathan,Aké,0,0,25,677,11,33.7,104.6,20,0,35.0,15.9,3,0,0,0.8,53,DEF,1,0.0,2.5,0,0.2,0.39,37.21149
Bernardo,Veiga de Carvalho e Silva,2,4,76,2037,35,613.9,422.2,461,7,109.0,149.8,4,0,5,2.6,61,MID,1,100.0,2.9,0,1.0,6.46,52.3931
Oscar,Bobb,0,0,0,0,0,0.0,0.0,0,0,18.0,0.0,0,0,0,0.1,47,MID,1,50.0,0.0,0,0.0,0.0,0.7578843
Scott,Carson,0,0,0,0,0,0.0,0.0,0,0,171.0,0.0,0,0,0,0.2,39,GK,1,,0.0,0,0.0,0.0,0.7578843
Kevin,De Bruyne,2,8,76,1095,16,620.1,315.2,258,7,67.0,119.0,5,0,2,3.8,93,MID,1,100.0,3.8,0,1.0,7.33,83.02432
Jérémy,Doku,3,4,67,1156,13,366.1,370.8,378,3,63.0,111.8,5,0,1,1.5,62,MID,1,100.0,3.4,0,2.0,3.42,86.75739
Ederson,Santana de Moraes,0,3,75,1710,23,30.0,474.8,0,9,295.0,50.4,5,0,3,5.1,53,GK,1,75.0,3.9,0,3.8,0.02,90.6419
Phil,Foden,7,3,99,1625,24,700.0,440.4,431,10,2.0,157.0,5,0,2,6.2,92,MID,1,100.0,4.1,0,1.8,9.98,92.38923
Jack,Grealish,0,1,26,600,9,291.8,116.4,203,3,240.0,61.2,1,0,3,0.2,64,MID,1,100.0,1.6,0,0.2,2.3,17.855446
Joško,Gvardiol,5,0,106,2468,37,432.4,672.0,412,8,0.0,152.0,7,0,1,22.5,60,DEF,1,100.0,3.8,0,2.8,6.66,90.78699
Erling,Haaland,21,3,171,2480,38,323.4,906.4,1408,26,0.0,264.0,7,0,2,30.8,148,FWD,1,100.0,6.1,0,4.2,22.53,160.56606
Julián,Álvarez,0,0,0,0,0,0.0,0.0,0,0,7.0,0.0,0,0,0,0.1,70,FWD,0,0.0,0.0,0,0.0,0.0,0.7578843
João,Cavaco Cancelo,0,0,0,0,0,0.0,0.0,0,0,0.0,0.0,0,0,0,0.2,53,DEF,0,0.0,0.0,0,0.0,0.0,0.7578843
Mateo,Kovačić,4,2,80,1677,25,450.2,436.4,150,10,2.0,103.8,7,0,5,1.2,54,MID,1,100.0,3.3,0,1.2,4.1,67.65836
Rico,Lewis,1,2,56,1699,25,198.9,272.8,131,1,0.0,60.2,4,1,3,4.1,43,DEF,1,100.0,2.4,0,0.8,2.24,43.461895
Matheus Luiz,Nunes,0,4,45,1040,17,319.7,228.6,126,2,0.0,67.5,4,0,3,0.1,49,MID,1,100.0,2.4,0,1.2,2.88,45.203987
James,McAtee,2,0,20,123,3,19.3,72.2,70,0,-3.0,16.0,0,0,0,0.1,46,MID,1,,2.0,0,0.5,1.37,31.307333
Stefan,Ortega Moreno,0,0,26,900,17,0.0,246.4,0,0,0.0,24.7,2,0,1,0.6,52,GK,1,,2.6,0,0.2,0.0,38.448517
Rodrigo 'Rodri',Hernandez,0,0,2,65,0,17.1,10.8,0,0,0.0,2.8,0,0,0,0.8,62,MID,1,0.0,1.0,0,0.0,0.09,1.4202721
Rúben,Gato Alves Dias,0,0,44,1459,17,130.9,289.8,89,1,10.0,51.0,5,0,3,2.4,54,DEF,1,100.0,2.4,0,2.5,2.11,57.05911
John,Stones,2,0,29,544,11,49.8,155.6,70,2,445.0,27.4,1,0,1,1.0,53,DEF,1,0.0,2.6,0,0.0,0.77,32.435677
Kyle,Walker,0,0,13,966,21,147.7,157.4,29,0,37.0,33.5,0,0,3,2.6,51,DEF,0,0.0,0.9,0,0.0,1.46,2.3072026
Sávio 'Savinho',Moreira de Oliveira,1,10,91,1561,25,578.7,362.8,597,12,447.0,154.1,6,0,3,2.7,62,MID,1,100.0,3.8,0,2.0,10.07,86.04513
Nico,O'Reilly,0,0,2,21,0,1.1,8.0,2,0,0.0,1.1,0,0,0,0.0,49,MID,1,100.0,1.0,0,0.0,0.03,1.4202721
Ilkay,Gündogan,0,3,55,1528,25,539.4,232.4,178,2,195.0,95.0,4,0,1,0.4,63,MID,1,,2.2,0,2.2,4.77,50.389225
Issa,Kaboré,0,0,0,0,0,0.0,0.0,0,0,235.0,0.0,0,0,0,0.0,45,DEF,0,0.0,0.0,0,0.0,0.0,0.7578843
Jacob,Wright,0,0,0,0,0,0.0,0.0,0,0,130.0,0.0,0,0,0,0.0,45,MID,0,0.0,0.0,0,0.0,0.0,0.7578843
Jahmai,Simpson-Pusey,0,0,1,95,2,2.2,19.6,2,0,62.0,2.4,0,0,1,0.0,40,DEF,1,100.0,0.5,0,0.0,0.01,1.139232
Josh,Wilson-Esbrand,0,0,0,0,0,0.0,0.0,0,0,195.0,0.0,0,0,0,0.0,40,DEF,0,0.0,0.0,0,0.0,0.0,0.7578843
Divin,Mubama,0,0,1,27,0,0.1,0.2,5,0,0.0,0.5,0,0,0,0.1,45,FWD,1,,1.0,0,0.0,0.04,1.4202721
Max,Alleyne,0,0,0,0,0,0.0,0.0,0,0,0.0,0.0,0,0,0,0.0,40,DEF,1,,0.0,0,0.0,0.0,0.7578843
Spike,Brits,0,0,0,0,0,0.0,0.0,0,0,144.0,0.0,0,0,0,0.0,40,GK,1,,0.0,0,0.0,0.0,0.7578843
Abdukodir,Khusanov,0,0,14,503,6,33.9,102.0,4,0,10.0,14.1,2,0,1,0.6,50,DEF,1,,2.3,0,2.0,0.11,45.451607
Vitor,de Oliveira Nunes dos Reis,0,0,0,0,0,0.0,0.0,0,0,111.0,0.0,0,0,0,0.0,45,DEF,1,,0.0,0,0.0,0.0,0.7578843
Pep,Guardiola,0,0,36,0,0,0.0,0.0,0,0,181.0,0.0,0,0,0,8.3,15,AM,1,,0.0,0,3.5,0.0,29.814058
Omar,Marmoush,4,1,38,474,9,141.9,171.0,123,6,2.0,43.6,2,0,0,13.1,73,FWD,1,,5.4,0,4.2,2.03,75.87422
Nico,González,0,0,12,391,4,44.9,48.4,25,0,282.0,11.5,3,0,1,0.0,60,MID,1,,2.4,0,2.2,0.53,52.39345
Claudio,Echeverri,0,0,0,0,0,0.0,0.0,0,0,4.0,0.0,0,0,0,0.0,60,MID,1,,0.0,0,0.0,0.0,0.7578843
Amad,Diallo,6,7,107,1591,25,552.3,516.8,477,14,16.0,154.7,6,0,3,4.7,53,MID,1,0.0,4.9,0,0.0,7.54,99.43841
Antony Matheus,dos Santos,0,0,8,135,2,50.7,35.0,74,0,302.0,15.8,0,0,0,0.2,57,MID,0,0.0,1.0,0,0.0,0.81,1.4202721
Bruno,Borges Fernandes,8,11,152,2375,37,1021.1,857.0,484,25,0.0,235.8,8,2,2,19.3,86,MID,1,100.0,5.4,0,12.0,14.0,158.43832
Altay,Bayindir,0,0,0,0,0,0.0,0.0,0,0,186.0,0.0,0,0,0,0.1,43,GK,1,0.0,0.0,0,0.0,0.0,0.7578843
Carlos Henrique,Casimiro,1,0,39,1118,18,276.2,350.4,184,3,19.0,81.1,3,0,2,0.4,47,MID,1,100.0,2.1,0,1.3,3.08,55.432404
Diogo,Dalot Teixeira,0,3,83,2486,39,327.0,424.8,224,9,182.0,97.3,7,0,4,5.7,50,DEF,1,100.0,3.0,0,5.7,3.75,73.963844
Christian,Eriksen,0,1,30,776,9,294.8,125.6,32,0,18.0,45.3,4,0,2,0.2,52,MID,1,100.0,1.9,0,2.0,1.9,37.870907
Jonny,Evans,0,0,14,288,2,4.1,51.0,6,3,209.0,6.1,1,0,1,0.1,44,DEF,1,0.0,2.3,0,0.0,0.1,23.04055
Alejandro,Garnacho,4,3,78,1633,26,325.5,312.0,701,4,261.0,133.0,4,0,1,4.9,59,MID,1,100.0,2.8,0,4.7,7.3,71.11871
Hannibal,Mejbri,0,0,0,0,0,0.0,0.0,0,0,30.0,0.0,0,0,0,0.0,45,MID,0,0.0,0.0,0,0.0,0.0,0.7578843
Tom,Heaton,0,0,0,0,0,0.0,0.0,0,0,0.0,0.0,0,0,0,0.2,39,GK,1,0.0,0.0,0,0.0,0.0,0.7578843
Rasmus,Højlund,3,1,57,1429,25,183.6,135.6,258,5,142.0,57.0,3,0,2,1.1,69,FWD,1,100.0,2.4,0,3.0,3.6,46.314575
Victor,Lindelöf,0,0,13,240,2,37.1,55.0,6,0,0.0,9.9,1,0,1,0.1,43,DEF,1,100.0,1.6,0,3.0,0.06,28.75189
Harry,Maguire,1,0,35,1354,22,78.2,344.2,135,3,0.0,56.0,2,0,7,0.6,49,DEF,1,50.0,1.8,0,2.7,1.02,40.899406
Kobbie,Mainoo,0,0,32,1282,20,211.9,154.8,99,0,0.0,46.9,5,0,5,1.7,52,MID,1,0.0,1.8,0,0.0,1.82,15.198729
Tyrell,Malacia,0,0,2,99,1,13.9,5.2,0,0,0.0,1.7,0,0,1,0.0,44,DEF,0,0.0,0.7,0,0.0,0.02,1.0821435
Lisandro,Martínez,2,1,68,1751,27,153.9,426.6,158,5,0.0,73.8,6,0,7,2.4,43,DEF,1,0.0,3.4,0,0.0,2.54,64.34627
Scott,McTominay,0,0,2,17,1,0.3,3.2,5,0,0.0,0.9,0,0,0,0.1,49,MID,0,0.0,1.0,0,0.0,0.07,1.4202721
Mason,Mount,0,0,8,243,4,55.2,20.8,43,0,36.0,11.8,1,0,2,0.1,63,MID,1,100.0,1.0,0,0.0,0.48,1.4202721
André,Onana,0,0,101,2610,40,13.0,658.0,0,5,226.0,67.1,8,0,0,5.8,50,GK,1,,3.5,1,3.7,0.19,80.82073
Facundo,Pellistri Rebollo,0,0,0,0,0,0.0,0.0,0,0,32.0,0.0,0,0,0,0.0,50,MID,0,0.0,0.0,0,0.0,0.0,0.7578843
Luke,Shaw,0,0,2,68,0,2.6,16.6,0,0,424.0,2.0,0,0,0,0.1,49,DEF,1,0.0,1.0,0,0.0,0.01,1.4202721
Joshua,Zirkzee,3,2,60,1235,21,203.3,214.8,308,6,274.0,72.1,3,0,2,1.8,65,FWD,1,,2.1,0,1.3,5.32,55.432404
Leny,Yoro,0,0,12,695,15,18.8,126.4,48,0,155.0,19.4,0,0,3,0.2,43,DEF,1,50.0,0.9,0,0.3,0.77,10.251827
Matthijs,de Ligt,2,0,66,1995,33,88.2,484.2,268,3,418.0,84.5,4,0,3,3.4,48,DEF,1,100.0,2.4,0,5.0,2.58,65.32633
Noussair,Mazraoui,0,1,72,2216,33,248.6,472.2,109,4,398.0,82.8,6,0,2,8.5,43,DEF,1,100.0,2.5,0,2.7,2.17,56.899338
Toby,Collyer,0,0,6,174,2,29.9,40.4,8,0,0.0,7.9,0,0,0,0.0,45,MID,1,100.0,1.0,0,0.7,0.45,13.271941
Ethan,Wheatley,0,0,0,0,0,0.0,0.0,0,0,636.0,0.0,0,0,0,1.1,45,FWD,0,0.0,0.0,0,0.0,0.0,0.7578843
Manuel,Ugarte,1,0,34,1321,21,133.7,224.0,71,1,301.0,42.7,3,0,8,0.1,49,MID,1,100.0,1.6,0,1.7,0.98,30.9002
Ayden,Heaven,0,0,2,95,1,0.7,28.2,2,0,276.0,3.1,0,0,0,0.1,40,DEF,1,75.0,1.0,0,0.7,0.0,13.271941
Jack,Fletcher,0,0,0,0,0,0.0,0.0,0,0,38.0,0.0,0,0,0,0.0,45,MID,1,,0.0,0,0.0,0.0,0.7578843
Harry,Amass,0,0,1,21,0,1.0,7.8,0,0,34.0,0.9,0,0,0,0.0,40,DEF,1,,1.0,0,0.3,0.0,9.364901
Jayce,Fitzgerald,0,0,0,0,0,0.0,0.0,0,0,0.0,0.0,0,0,0,0.0,45,MID,1,,0.0,0,0.0,0.0,0.7578843
Godwill,Kukonki,0,0,0,0,0,0.0,0.0,0,0,0.0,0.0,0,0,0,0.0,40,DEF,1,,0.0,0,0.0,0.0,0.7578843
Ruben Filipe,Marques Diogo Amorim,0,0,43,0,0,0.0,0.0,0,0,0.0,0.0,0,0,0,4.6,8,AM,1,,0.0,0,9.7,0.0,56.35704
Elyh,Harrison,0,0,0,0,0,0.0,0.0,0,0,238.0,0.0,0,0,0,0.0,40,GK,1,,0.0,0,0.0,0.0,0.7578843
Patrick,Dorgu,0,0,-1,222,5,35.3,28.8,31,0,107.0,9.5,0,1,1,0.2,45,DEF,1,100.0,-0.3,0,-1.0,0.16,0.7578843
Chido,Obi-Martin,0,0,2,26,0,1.8,1.2,2,0,16.0,0.4,0,0,1,0.2,45,FWD,1,,0.7,0,0.3,0.01,9.026774
Tyler,Fredricson,0,0,0,0,0,0.0,0.0,0,0,0.0,0.0,0,0,0,0.0,40,DEF,1,,0.0,0,0.0,0.0,0.7578843
Jack,Moorhouse,0,0,0,0,0,0.0,0.0,0,0,188.0,0.0,0,0,0,0.0,45,MID,1,,0.0,0,0.0,0.0,0.7578843
Sékou,Koné,0,0,0,0,0,0.0,0.0,0,0,0.0,0.0,0,0,0,0.0,45,MID,1,,0.0,0,0.0,0.0,0.7578843
Hubert,Graczyk,0,0,0,0,0,0.0,0.0,0,0,238.0,0.0,0,0,0,0.0,40,GK,1,,0.0,0,0.0,0.0,0.7578843
Dermot,Mee,0,0,0,0,0,0.0,0.0,0,0,3.0,0.0,0,0,0,0.0,40,GK,1,,0.0,0,0.0,0.0,0.7578843
Alex,Murphy,0,0,0,0,0,0.0,0.0,0,0,236.0,0.0,0,0,0,0.5,40,DEF,0,0.0,0.0,0,0.0,0.0,0.7578843
Miguel,Almirón Rejala,0,0,10,150,3,40.9,15.2,57,0,98.0,11.3,0,0,0,0.3,54,MID,0,0.0,1.1,0,0.0,0.71,9.626573
Harvey,Barnes,5,2,73,893,14,205.6,283.8,369,9,0.0,86.0,2,0,0,1.0,59,MID,1,100.0,3.2,0,2.7,5.92,74.52325
Sven,Botman,0,0,7,225,3,2.6,41.8,13,0,92.0,5.8,1,0,1,0.0,44,DEF,1,0.0,2.3,0,0.0,0.05,23.04055
Bruno,Guimarães Rodriguez Moura,3,6,103,2424,35,578.8,532.6,262,9,6.0,137.6,9,0,4,2.1,61,MID,1,100.0,3.7,0,5.0,7.14,102.54035
Dan,Burn,0,0,73,2430,36,67.9,496.8,176,5,0.0,74.3,9,0,8,6.4,44,DEF,1,100.0,2.7,0,2.3,1.89,60.81849
Martin,Dúbravka,0,0,44,900,12,0.0,220.2,0,2,22.0,22.0,5,0,0,2.2,42,GK,1,100.0,4.4,0,0.0,0.0,60.606087
Anthony,Gordon,6,6,113,2107,30,728.2,520.4,630,9,0.0,188.0,9,0,2,8.5,74,MID,1,0.0,4.3,0,1.3,12.51,106.49714
Lewis,Hall,0,7,102,2188,31,561.2,561.6,128,11,105.0,125.3,8,0,3,9.5,48,DEF,1,0.0,3.8,0,3.3,4.16,103.307655
Isaac,Hayden,0,0,0,0,0,0.0,0.0,0,0,378.0,0.0,0,0,0,0.1,44,MID,0,0.0,0.0,0,0.0,0.0,0.7578843
Alexander,Isak,19,5,169,2053,33,471.6,872.6,976,31,340.0,231.3,8,0,1,52.6,93,FWD,1,100.0,6.8,0,5.0,18.6,181.3551
Jacob,Murphy,5,8,101,1676,24,399.2,458.8,362,5,68.0,121.8,7,0,3,3.5,50,MID,1,100.0,4.0,0,3.7,7.66,98.49246
Joelinton Cássio,Apolinário de Lira,4,1,79,2005,26,321.0,396.4,397,11,20.0,111.7,8,0,9,1.1,60,MID,1,100.0,3.3,0,1.0,5.19,71.249916
Lloyd,Kelly,0,1,12,299,6,29.0,80.6,20,0,0.0,12.6,0,0,2,0.1,42,DEF,0,0.0,1.2,0,0.0,0.52,9.246977
Emil,Krafth,0,0,11,241,2,10.9,44.2,11,0,0.0,6.6,1,0,0,0.1,43,DEF,1,100.0,2.8,0,0.0,0.07,34.26587
Garang,Kuol,0,0,0,0,0,0.0,0.0,0,0,9.0,0.0,0,0,0,0.1,44,MID,1,,0.0,0,0.0,0.0,0.7578843
Jamaal,Lascelles,0,0,0,0,0,0.0,0.0,0,0,1.0,0.0,0,0,0,0.0,45,DEF,1,0.0,0.0,0,0.0,0.0,0.7578843
Jamal,Lewis,0,0,0,0,0,0.0,0.0,0,0,0.0,0.0,0,0,0,0.1,40,DEF,0,0.0,0.0,0,0.0,0.0,0.7578843
Tino,Livramento,0,0,65,1935,31,215.9,384.4,57,3,148.0,65.8,6,0,1,1.8,45,DEF,1,100.0,2.4,0,2.7,1.07,55.10598
Sean,Longstaff,0,1,30,734,11,75.8,104.4,76,0,275.0,25.7,2,0,2,0.4,45,MID,1,,1.4,0,0.7,0.82,17.341824
Lewis,Miley,1,0,15,188,4,21.8,72.0,43,1,309.0,13.7,0,0,0,0.0,50,MID,1,100.0,1.9,0,3.0,0.66,32.36912
Odysseas,Vlachodimos,0,0,0,0,0,0.0,0.0,0,0,311.0,0.0,0,0,0,0.1,42,GK,1,,0.0,0,0.0,0.0,0.7578843
Nick,Pope,0,0,56,1620,26,0.0,428.4,0,2,0.0,42.7,4,0,2,3.4,49,GK,1,100.0,3.1,0,2.7,0.0,63.81704
John,Ruddy,0,0,0,0,0,0.0,0.0,0,0,331.0,0.0,0,0,0,0.3,39,GK,1,,0.0,0,0.0,0.0,0.7578843
Fabian,Schär,2,0,66,2052,33,73.2,497.0,172,0,209.0,73.8,7,1,5,1.5,54,DEF,1,100.0,2.8,0,2.7,2.56,59.96658
Matt,Targett,0,0,1,12,0,1.0,2.4,0,0,0.0,0.3,0,0,0,0.3,39,DEF,1,100.0,1.0,0,0.0,0.0,1.4202721
Sandro,Tonali,1,1,56,1725,25,225.4,292.6,192,2,0.0,71.0,7,0,5,0.4,55,MID,1,100.0,2.2,0,2.0,4.34,49.81213
Kieran,Trippier,0,0,34,688,10,163.6,120.0,15,4,0.0,30.0,3,0,1,3.4,56,DEF,1,100.0,2.0,0,3.0,0.63,39.613884
Joe,White,0,0,0,0,0,0.0,0.0,0,0,0.0,0.0,0,0,0,0.1,45,MID,0,0.0,0.0,0,0.0,0.0,0.7578843
Joe,Willock,0,2,38,801,14,223.3,138.8,126,0,26.0,48.6,3,0,2,0.1,47,MID,1,100.0,1.5,0,2.7,1.67,34.445934
Callum,Wilson,0,0,8,156,6,2.6,3.2,29,0,329.0,2.9,0,0,1,0.1,69,FWD,1,100.0,1.0,0,1.3,0.23,31.311966
Miodrag,Pivaš,0,0,0,0,0,0.0,0.0,0,0,8.0,0.0,0,0,0,0.1,40,DEF,0,0.0,0.0,0,0.0,0.0,0.7578843
William,Osula,0,0,10,65,3,10.4,6.2,4,0,0.0,2.1,0,0,0,0.2,49,FWD,1,,1.0,0,0.3,0.02,9.364901
Eddie,Howe,0,0,29,0,0,0.0,0.0,0,0,511.0,0.0,0,0,0,5.1,15,AM,1,,0.0,0,6.3,0.0,36.85595
Sean,Neave,0,0,0,0,0,0.0,0.0,0,0,0.0,0.0,0,0,0,0.0,45,FWD,1,,0.0,0,0.0,0.0,0.7578843
Álex,Moreno Lopera,0,1,31,812,15,83.8,165.8,27,1,209.0,27.6,3,0,2,0.4,42,DEF,1,100.0,2.4,0,0.0,0.99,29.405281
Ola,Aina,2,1,122,2531,32,205.8,508.8,75,15,64.0,79.0,12,0,2,29.5,54,DEF,1,100.0,4.2,0,3.2,2.05,115.486786
Elliot,Anderson,1,6,83,1978,28,512.1,488.0,221,5,289.0,122.4,11,0,6,0.3,50,MID,1,100.0,3.0,0,3.0,4.39,54.030327
Taiwo,Awoniyi,1,0,27,263,8,36.5,56.4,113,0,127.0,19.9,0,0,0,0.3,55,FWD,1,100.0,1.2,0,0.8,2.15,23.303585
Willy,Boly,0,0,5,131,1,0.2,42.8,17,0,79.0,6.0,0,0,1,0.1,42,DEF,1,100.0,1.0,0,0.0,0.07,1.4202721
Josh,Bowler,0,0,0,0,0,0.0,0.0,0,0,90.0,0.0,0,0,0,0.0,45,MID,0,0.0,0.0,0,0.0,0.0,0.7578843
Carlos Miguel,dos Santos Pereira,0,0,0,0,0,0.0,0.0,0,0,0.0,0.0,0,0,0,0.1,41,GK,1,25.0,0.0,0,0.0,0.0,0.7578843
Eric,da Silva Moreira,0,0,2,28,0,0.3,5.2,0,0,0.0,0.6,0,0,0,0.1,43,MID,1,,1.0,0,0.0,0.0,1.4202721
Danilo,dos Santos de Oliveira,0,0,8,168,3,2.7,17.4,0,0,0.0,2.0,1,0,0,0.0,47,MID,1,100.0,1.6,0,0.5,0.01,20.445303
Emmanuel,Dennis,0,0,0,0,0,0.0,0.0,0,0,161.0,0.0,0,0,0,0.2,49,FWD,0,0.0,0.0,0,0.0,0.0,0.7578843
Nicolás,Domínguez,0,0,36,1387,20,168.4,275.8,161,0,105.0,60.5,6,0,8,0.0,48,MID,1,100.0,1.4,0,2.2,2.28,28.478312
Anthony,Elanga,5,8,118,1841,25,586.0,482.2,405,10,75.0,147.7,11,0,1,6.6,53,MID,1,100.0,4.1,0,6.0,7.67,114.314514
Morgan,Gibbs-White,5,10,118,2019,24,609.7,529.8,496,12,31.0,163.6,11,1,6,8.0,66,MID,1,100.0,4.7,0,4.5,8.21,114.06447
Callum,Hudson-Odoi,5,3,95,1893,17,557.2,401.2,347,7,4.0,130.2,11,0,2,2.2,52,MID,1,100.0,3.8,0,6.0,4.56,103.96995
Alex,Mighten,0,0,0,0,0,0.0,0.0,0,0,1.0,0.0,0,0,0,0.0,45,MID,0,0.0,0.0,0,0.0,0.0,0.7578843
Murillo,Santiago Costa dos Santos,1,0,102,2478,35,171.2,688.6,146,13,250.0,100.7,11,0,5,3.7,47,DEF,1,100.0,3.6,0,3.8,2.16,82.98231
Neco,Williams,1,1,84,1778,20,159.3,391.2,190,5,145.0,74.2,9,0,4,3.1,44,DEF,1,,3.2,0,4.0,2.47,83.25376
Omar,Richards,0,0,0,0,0,0.0,0.0,0,0,0.0,0.0,0,0,0,0.0,45,DEF,0,0.0,0.0,0,0.0,0.0,0.7578843
Lewis,O'Brien,0,0,0,0,0,0.0,0.0,0,0,188.0,0.0,0,0,0,0.0,50,MID,0,0.0,0.0,0,0.0,0.0,0.7578843
Andrew,Omobamidele,0,0,0,0,0,0.0,0.0,0,0,0.0,0.0,0,0,0,0.0,42,DEF,0,0.0,0.0,0,0.0,0.0,0.7578843
Jonathan,Panzo,0,0,0,0,0,0.0,0.0,0,0,59.0,0.0,0,0,0,0.0,40,DEF,0,0.0,0.0,0,0.0,0.0,0.7578843
Ibrahim,Sangaré,0,1,11,270,2,29.2,63.8,21,0,0.0,11.4,1,0,2,1.3,43,MID,1,100.0,1.6,0,0.5,0.08,20.445303
Matz,Sels,0,1,125,2610,35,10.1,695.8,0,10,6.0,71.0,12,0,2,18.7,51,GK,1,100.0,4.3,0,3.8,0.07,100.29608
Harry,Toffolo,0,0,3,45,1,3.3,18.2,6,0,-1.0,2.8,0,0,0,0.1,42,DEF,1,,1.0,0,0.0,0.03,1.4202721
Hwang,Ui-jo,0,0,0,0,0,0.0,0.0,0,0,175.0,0.0,0,0,0,0.8,45,FWD,0,0.0,0.0,0,0.0,0.0,0.7578843
Chris,Wood,18,3,174,2343,29,225.4,744.0,762,37,36.0,173.3,14,0,1,48.3,73,FWD,1,75.0,6.0,0,2.8,11.98,163.59949
Joe,Worrall,0,0,0,0,0,0.0,0.0,0,0,69.0,0.0,0,0,0,0.0,45,DEF,0,0.0,0.0,0,0.0,0.0,0.7578843
Ryan,Yates,2,1,53,1537,20,203.0,256.6,240,3,0.0,70.2,5,0,8,0.1,48,MID,1,100.0,2.0,0,1.8,2.67,41.11519
Nikola,Milenković,4,2,120,2520,34,72.8,603.4,303,2,0.0,97.7,12,0,4,10.0,49,DEF,1,,4.3,0,6.8,4.21,112.43418
João Pedro,Ferreira Silva,2,2,42,708,16,170.6,176.6,171,0,22.0,52.0,1,0,4,0.1,59,MID,1,100.0,1.7,0,1.5,3.37,44.00586
Ramón,Sosa,1,0,20,229,5,88.0,77.2,94,0,61.0,25.8,1,0,1,0.1,55,MID,1,,1.4,0,0.0,1.34,5.4901547
Felipe,Rodrigues da Silva,0,0,34,616,8,5.2,164.2,5,2,0.0,17.6,3,0,1,0.1,45,DEF,1,,1.7,0,0.2,0.12,21.202852
Zach,Abbott,0,0,0,0,0,0.0,0.0,0,0,32.0,0.0,0,0,0,0.0,40,DEF,1,,0.0,0,0.0,0.0,0.7578843
Wayne,Hennessey,0,0,0,0,0,0.0,0.0,0,0,56.0,0.0,0,0,0,0.0,40,GK,1,,0.0,0,0.0,0.0,0.7578843
Nuno Herlander,Simões Espírito Santo,0,0,43,0,0,0.0,0.0,0,0,40.0,0.0,0,0,0,6.7,11,AM,1,,0.0,0,6.8,0.0,36.58671
Aaron,Ramsdale,0,0,57,1890,50,0.0,673.0,0,5,39.0,67.4,2,0,2,1.2,44,GK,1,100.0,2.7,0,1.5,0.03,59.31779
Cameron,Archer,2,0,46,1166,28,63.5,102.6,311,4,5.0,47.5,1,0,0,1.3,49,FWD,1,,1.8,0,1.2,5.42,30.997438
Lesley,Ugochukwu,0,1,26,1022,28,149.2,167.4,40,0,117.0,35.6,0,0,4,0.3,44,MID,1,100.0,1.4,0,1.2,0.79,21.288895
Ryan,Fraser,0,0,7,303,12,26.8,35.8,13,0,16.0,6.7,0,1,0,0.0,48,MID,1,50.0,0.9,0,0.0,0.12,2.3072026
Samuel,Amo-Ameyaw,0,0,1,26,0,16.1,4.0,6,0,166.0,2.6,0,0,1,0.1,44,MID,0,0.0,0.5,0,0.0,0.15,1.139232
Joe,Aribo,3,0,67,1821,51,275.2,355.4,235,7,46.0,86.8,1,0,1,0.1,49,MID,1,,2.4,0,1.8,3.87,47.81588
Adam,Armstrong,2,3,45,1246,35,143.7,154.4,262,2,12.0,56.0,2,0,4,0.6,51,FWD,0,0.0,2.2,0,0.0,3.84,27.40109
Gavin,Bazunu,0,0,0,0,0,0.0,0.0,0,0,214.0,0.0,0,0,0,0.1,43,GK,0,0.0,0.0,0,0.0,0.0,0.7578843
Jan,Bednarek,2,0,47,1901,45,63.6,599.6,67,2,43.0,72.9,2,0,5,2.4,40,DEF,1,100.0,2.0,0,0.5,1.43,31.307333
Armel,Bella-Kotchap,0,0,2,329,13,2.3,64.6,4,0,169.0,7.0,0,0,0,0.4,39,DEF,1,,0.5,0,0.5,0.33,9.741948
James,Bree,0,1,15,886,28,152.1,167.4,41,0,282.0,36.0,0,0,0,0.4,39,DEF,1,0.0,1.1,0,0.0,0.78,9.626573
Shea,Charles,0,0,0,0,0,0.0,0.0,0,0,0.0,0.0,0,0,0,0.0,45,MID,0,0.0,0.0,0,0.0,0.0,0.7578843
Samuel,Edozie,0,0,1,64,0,19.0,9.8,22,0,0.0,5.1,0,0,1,0.0,49,MID,0,0.0,0.5,0,0.0,0.15,1.139232
Ronnie,Edwards,0,0,1,12,1,0.1,5.0,0,0,0.0,0.5,0,0,0,0.2,39,DEF,0,0.0,1.0,0,0.0,0.0,1.4202721
Taylor,Harwood-Bellis,1,0,42,2119,51,171.7,570.2,215,2,0.0,95.9,2,0,7,5.6,40,DEF,1,100.0,1.6,0,0.8,2.25,25.899187
Kamaldeen,Sulemana,1,1,33,734,26,105.6,107.4,158,2,0.0,36.9,0,0,0,0.0,50,MID,1,100.0,1.9,0,2.0,1.19,37.870907
Adam,Lallana,0,2,17,352,8,82.4,81.2,21,1,325.0,18.4,0,0,4,0.0,50,MID,1,100.0,1.2,0,0.2,0.63,15.259833
Juan,Larios López,0,0,0,0,0,0.0,0.0,0,0,0.0,0.0,0,0,0,0.1,39,DEF,1,50.0,0.0,0,0.0,0.0,0.7578843
Mateusz,Lis,0,0,0,0,0,0.0,0.0,0,0,7.0,0.0,0,0,0,0.1,40,GK,0,0.0,0.0,0,0.0,0.0,0.7578843
Joe,Lumley,0,0,8,270,7,0.0,102.2,0,0,150.0,10.2,0,0,0,0.5,40,GK,1,,2.7,0,0.0,0.0,30.501934
Ryan,Manning,0,1,18,968,26,314.7,209.4,56,0,122.0,57.9,0,0,2,0.1,43,DEF,1,,1.1,0,0.5,2.36,18.22929
Sékou,Mara,0,0,0,0,0,0.0,0.0,0,0,192.0,0.0,0,0,0,0.0,50,FWD,0,0.0,0.0,0,0.0,0.0,0.7578843
Alex,McCarthy,0,0,12,450,13,0.0,166.4,0,0,0.0,16.7,0,0,0,0.1,42,GK,1,,2.4,0,0.0,0.0,29.405281
Paul,Onuachu,3,1,39,755,23,115.6,172.8,377,3,61.0,66.1,0,0,3,0.3,49,FWD,1,100.0,2.1,0,2.0,3.08,47.951767
Will,Smallbone,1,0,20,549,17,140.8,95.4,51,0,0.0,28.7,0,0,1,0.0,50,MID,1,0.0,1.7,0,2.5,1.15,42.84382
Jack,Stephens,0,0,12,804,20,51.6,127.4,17,2,96.0,19.6,1,2,2,0.4,40,DEF,1,100.0,1.0,0,0.2,0.48,7.4331255
Ross,Stewart,0,0,3,130,2,6.7,5.8,9,0,0.0,2.1,0,0,1,1.7,44,FWD,1,50.0,0.8,0,0.0,0.19,-0.21296355
Sugawara,Yukinari,1,1,39,1432,41,286.8,276.8,116,0,64.0,67.8,2,0,4,0.2,42,DEF,1,100.0,1.5,0,0.5,2.88,17.347948
Charlie,Taylor,0,0,5,263,10,26.5,72.6,2,0,141.0,10.2,0,0,1,3.9,39,DEF,1,,0.7,0,0.0,0.1,1.0821435
Kyle,Walker-Peters,0,2,43,2378,65,346.4,414.0,190,3,0.0,94.7,2,0,5,0.3,43,DEF,1,100.0,1.6,0,0.5,2.63,20.445303
Nathan,Wood-Gordon,0,0,13,622,16,19.4,94.8,14,2,300.0,13.0,1,0,2,1.1,40,DEF,1,100.0,1.4,0,0.0,0.27,5.4901547
Maxwel,Cornet,0,0,1,71,4,3.5,11.6,7,0,367.0,2.2,0,0,1,0.0,47,MID,0,0.0,0.5,0,0.0,0.16,1.139232
Flynn,Downes,1,0,35,1520,40,233.6,204.0,109,0,0.0,54.9,2,0,9,0.0,47,MID,1,100.0,1.8,0,0.8,1.76,29.255331
Ben,Brereton Díaz,0,0,13,446,10,63.6,21.8,81,0,450.0,16.8,0,0,1,0.1,48,MID,0,0.0,1.3,0,0.0,1.05,6.6712227
Tyler,Dibling,2,2,56,1533,41,301.7,238.8,254,4,328.0,79.4,2,0,6,1.6,44,MID,1,100.0,2.2,0,2.5,3.78,55.054882
Mateus Gonçalo,Espanha Fernandes,1,2,61,2142,52,491.1,361.8,299,2,17.0,115.4,4,0,7,0.1,50,MID,1,100.0,2.3,0,1.8,5.86,41.45113
Joseph,O'Brien-Whitmarsh,0,0,0,0,0,0.0,0.0,0,0,86.0,0.0,0,0,0,0.0,45,MID,0,0.0,0.0,0,0.0,0.0,0.7578843
Welington Damascena,Santos,0,0,3,171,4,40.6,53.8,5,0,185.0,9.9,0,0,1,0.0,40,DEF,1,,0.8,0,0.5,0.15,8.38975
Joachim,Kayi-Sanda,0,0,0,0,0,0.0,0.0,0,0,247.0,0.0,0,0,0,0.0,40,DEF,1,,0.0,0,0.0,0.0,0.7578843
Albert,Grønbæk,0,0,6,141,3,11.4,15.8,9,0,0.0,3.7,0,0,0,0.0,49,MID,1,,1.5,0,1.0,0.13,28.135546
Ivan,Juric,0,0,12,0,0,0.0,0.0,0,0,0.0,0.0,0,0,0,0.1,5,AM,1,,0.0,0,0.5,0.0,9.3606
Dominic,Solanke-Mitchell,7,5,87,1778,33,182.8,413.2,639,6,407.0,122.5,3,0,0,4.7,73,FWD,1,100.0,4.3,0,1.0,10.25,95.99567
Ashley,Phillips,0,0,0,0,0,0.0,0.0,0,0,79.0,0.0,0,0,0,0.2,40,DEF,0,0.0,0.0,0,0.0,0.0,0.7578843
Brandon,Austin,0,0,1,90,2,0.0,20.0,0,0,204.0,2.0,0,0,0,0.5,40,GK,1,,1.0,0,0.0,0.0,1.4202721
Rodrigo,Bentancur,2,0,41,1243,18,179.3,258.2,157,1,128.0,59.7,3,0,7,0.1,49,MID,1,100.0,2.2,0,1.5,2.18,56.216923
Lucas,Bergvall,0,2,35,924,17,171.5,199.6,67,0,0.0,43.8,2,0,3,1.1,44,MID,1,100.0,1.6,0,2.2,1.18,34.83077
Yves,Bissouma,2,0,44,1136,19,116.7,239.8,51,4,185.0,41.0,3,0,6,0.2,48,MID,1,100.0,2.0,0,0.5,1.04,31.307333
Bryan,Gil Salvatierra,0,0,0,0,0,0.0,0.0,0,0,117.0,0.0,0,0,0,0.0,50,MID,0,0.0,0.0,0,0.0,0.0,0.7578843
Ben,Davies,0,0,24,720,9,21.2,209.2,36,0,0.0,26.8,3,0,2,0.2,43,DEF,1,100.0,2.7,0,0.2,0.38,36.514774
Alfie,Devine,0,0,0,0,0,0.0,0.0,0,0,7.0,0.0,0,0,0,0.0,45,MID,0,0.0,0.0,0,0.0,0.0,0.7578843
Radu,Drăgușin,0,0,24,1250,29,58.1,256.4,47,0,35.0,36.2,2,0,1,0.2,43,DEF,1,0.0,1.5,0,0.0,0.29,8.7452345
Emerson,Leite de Souza Junior,0,0,0,0,0,0.0,0.0,0,0,12.0,0.0,0,0,0,0.0,45,DEF,0,0.0,0.0,0,0.0,0.0,0.7578843
Fraser,Forster,0,0,19,630,15,0.0,221.0,0,0,0.0,22.2,1,0,0,0.4,43,GK,1,,2.7,0,0.0,0.0,30.501934
Archie,Gray,0,0,34,1245,24,45.9,211.2,11,0,0.0,26.9,2,0,0,0.2,46,MID,1,100.0,1.6,0,1.5,0.19,40.658466
Pierre-Emile,Højbjerg,0,0,0,0,0,0.0,0.0,0,0,0.0,0.0,0,0,0,0.0,50,MID,0,0.0,0.0,0,0.0,0.0,0.7578843
Brennan,Johnson,9,4,108,1759,24,234.5,454.8,694,10,4.0,137.7,2,0,4,2.3,62,MID,1,100.0,4.2,0,4.5,10.98,102.82004
Dejan,Kulusevski,7,4,110,2152,35,813.1,584.0,685,9,0.0,208.0,6,0,3,2.9,62,MID,1,50.0,4.1,0,2.5,7.87,101.63245
Giovani,Lo Celso,0,0,0,0,0,0.0,0.0,0,0,26.0,0.0,0,0,0,0.0,49,MID,0,0.0,0.0,0,0.0,0.0,0.7578843
James,Maddison,9,6,118,1514,25,593.1,618.6,476,14,0.0,168.5,5,0,6,4.7,74,MID,1,100.0,4.4,0,1.5,10.88,89.422005
Pedro,Porro,2,5,93,2277,38,744.2,673.0,187,5,0.0,160.6,6,0,2,19.4,53,DEF,1,100.0,3.3,0,1.0,5.15,71.249916
Sergio,Reguilón,0,0,1,121,1,20.2,20.8,11,0,0.0,5.2,0,0,2,0.2,41,DEF,1,,0.3,0,0.0,0.31,1.2884932
Richarlison,de Andrade,2,1,20,275,2,54.8,119.8,116,0,255.0,29.0,1,0,1,0.3,68,FWD,1,50.0,2.2,0,0.0,1.75,27.40109
Cristian,Romero,1,0,44,1101,14,96.6,275.8,159,3,161.0,53.4,3,0,1,3.4,49,DEF,1,100.0,3.1,0,2.2,1.81,61.10452
Pape Matar,Sarr,3,2,60,1386,28,230.3,348.0,173,4,111.0,74.8,2,0,5,0.2,47,MID,1,100.0,2.2,0,2.5,3.73,55.054882
Dane,Scarlett,0,1,6,31,1,11.0,24.4,17,0,85.0,5.2,0,0,0,0.8,44,FWD,1,100.0,2.0,0,1.2,0.04,38.503304
Manor,Solomon,0,0,0,0,0,0.0,0.0,0,0,349.0,0.0,0,0,0,0.0,54,MID,0,0.0,0.0,0,0.0,0.0,0.7578843
Son,Heung-min,7,10,123,1855,32,709.4,616.8,633,12,51.0,196.0,4,0,1,5.6,97,MID,1,100.0,4.7,0,4.0,11.35,118.6409
Djed,Spence,1,1,42,1063,19,170.7,297.8,62,6,29.0,53.1,3,1,1,1.1,44,DEF,1,100.0,2.6,0,2.8,1.22,59.588593
Destiny,Udogie,0,1,43,1653,25,231.5,315.6,124,0,0.0,67.3,2,0,2,1.4,48,DEF,1,100.0,2.0,0,1.5,1.45,51.52046
Micky,van de Ven,0,2,29,817,12,36.7,168.6,40,2,154.0,24.6,2,0,4,2.4,45,DEF,1,100.0,2.9,0,0.2,1.04,39.015636
Alejo,Véliz,0,0,0,0,0,0.0,0.0,0,0,132.0,0.0,0,0,0,0.0,50,FWD,0,0.0,0.0,0,0.0,0.0,0.7578843
Guglielmo,Vicario,0,0,56,1530,19,0.0,443.4,0,2,0.0,44.2,4,0,1,1.8,48,GK,1,100.0,3.3,0,2.5,0.0,79.51346
Timo,Werner,0,3,34,504,12,148.0,114.6,113,2,105.0,37.1,1,0,0,0.1,62,MID,1,100.0,1.9,0,0.2,2.59,21.472694
Alfie,Whiteman,0,0,0,0,0,0.0,0.0,0,0,207.0,0.0,0,0,0,1.5,39,GK,1,,0.0,0,0.0,0.0,0.7578843
Will,Lankshear,0,0,3,10,0,0.0,0.0,0,0,219.0,0.0,0,0,0,1.1,45,FWD,0,0.0,1.0,0,0.0,0.0,1.4202721
Mikey,Moore,0,2,14,180,1,42.7,23.4,30,0,19.0,9.4,0,0,0,0.2,45,MID,1,100.0,2.0,0,0.0,0.75,22.70462
Wilson,Odobert,0,0,13,348,6,55.7,22.2,94,0,262.0,17.1,1,0,0,0.0,53,MID,1,100.0,1.6,0,1.5,0.85,40.658466
Callum,Olusesi,0,0,0,0,0,0.0,0.0,0,0,159.0,0.0,0,0,0,0.0,45,MID,1,,0.0,0,0.0,0.0,0.7578843
Malachi,Hardy,0,0,0,0,0,0.0,0.0,0,0,0.0,0.0,0,0,0,0.0,40,DEF,1,,0.0,0,0.0,0.0,0.7578843
Luca,Williams-Barnett,0,0,0,0,0,0.0,0.0,0,0,264.0,0.0,0,0,0,0.0,45,MID,0,0.0,0.0,0,0.0,0.0,0.7578843
Alfie,Dorrington,0,0,1,13,0,0.2,1.0,0,0,0.0,0.1,0,0,0,0.0,40,DEF,0,0.0,1.0,0,0.0,0.0,1.4202721
Maeson,King,0,0,0,0,0,0.0,0.0,0,0,27.0,0.0,0,0,0,0.0,40,DEF,1,,0.0,0,0.0,0.0,0.7578843
Antonín,Kinsky,0,0,12,360,7,10.1,102.6,0,0,129.0,11.2,1,0,0,0.2,43,GK,1,,3.0,0,0.0,0.01,37.121033
Min-Hyeok,Yang,0,0,0,0,0,0.0,0.0,0,0,162.0,0.0,0,0,0,0.0,45,MID,0,0.0,0.0,0,0.0,0.0,0.7578843
Damola,Ajayi,0,0,0,0,0,0.0,0.0,0,0,88.0,0.0,0,0,0,0.0,45,MID,1,,0.0,0,0.0,0.0,0.7578843
Ange,Postecoglou,0,0,40,0,0,0.0,0.0,0,0,108.0,0.0,0,0,0,2.7,11,AM,1,,0.0,0,5.0,0.0,36.678944
Dante,Cassanova,0,0,0,0,0,0.0,0.0,0,0,3.0,0.0,0,0,0,0.0,40,DEF,1,,0.0,0,0.0,0.0,0.7578843
Kevin,Danso,0,0,11,347,4,19.7,91.4,53,0,145.0,16.4,1,0,0,0.0,45,DEF,1,0.0,2.8,0,1.2,0.39,50.064587
Mathys,Tel,0,0,10,304,2,43.3,25.4,98,0,14.0,16.3,2,0,0,0.2,60,MID,1,,2.5,0,1.8,0.89,49.609238
Evan,Ferguson,1,0,25,326,7,64.3,76.8,99,2,0.0,23.7,1,0,0,0.3,55,FWD,1,100.0,1.4,0,1.0,1.48,24.880472
Aaron,Wan-Bissaka,2,3,88,2434,47,394.9,591.4,140,10,8.0,112.7,5,0,1,6.6,45,DEF,1,,3.1,0,5.8,3.04,77.030945
Edson,Álvarez Velázquez,0,1,35,1534,28,190.9,246.4,49,0,0.0,48.7,3,1,6,0.1,50,MID,1,100.0,1.5,0,2.0,1.1,31.156324
Michail,Antonio,1,4,42,834,18,139.5,72.0,194,3,42.0,39.5,4,0,1,0.8,53,FWD,1,0.0,3.0,0,0.0,3.11,37.121033
Alphonse,Areola,0,0,45,1539,29,0.0,425.6,0,0,181.0,42.7,3,0,0,4.5,42,GK,1,100.0,2.5,0,4.5,0.0,61.053455
Jarrod,Bowen,7,8,125,2187,38,612.7,591.6,794,12,0.0,199.5,6,0,1,10.0,76,MID,1,100.0,5.0,0,5.8,11.28,131.39893
Vladimír,Coufal,0,0,18,729,15,104.5,151.0,35,1,120.0,28.7,1,0,2,0.4,41,DEF,1,100.0,1.2,0,0.0,1.06,9.246977
Aaron,Cresswell,0,0,26,538,5,114.1,97.2,5,3,0.0,21.6,2,0,2,2.1,39,DEF,1,100.0,2.0,0,4.2,1.33,45.694042
George,Earthy,0,0,0,0,0,0.0,0.0,0,0,4.0,0.0,0,0,0,0.0,45,MID,0,0.0,0.0,0,0.0,0.0,0.7578843
Emerson,Palmieri dos Santos,2,1,61,1789,38,295.1,381.8,156,2,0.0,83.3,4,0,5,0.6,44,DEF,1,100.0,2.4,0,0.8,3.71,43.461895
Łukasz,Fabiański,0,0,36,1070,20,0.3,362.2,0,2,0.0,36.1,2,0,2,14.6,40,GK,1,100.0,2.8,0,0.0,0.0,34.26587
Wes,Foderingham,0,0,0,0,0,0.0,0.0,0,0,0.0,0.0,0,0,0,0.1,43,GK,1,,0.0,0,0.0,0.0,0.7578843
Danny,Ings,1,3,32,270,4,76.5,97.0,159,4,553.0,33.4,0,0,0,1.2,49,FWD,1,100.0,2.1,0,0.2,2.31,31.553572
Max,Kilman,0,1,66,2538,49,172.2,629.4,136,5,57.0,94.1,5,0,3,1.3,43,DEF,1,100.0,2.3,0,4.5,2.31,52.89535
Mohammed,Kudus,3,2,74,1995,36,413.9,324.2,586,4,140.0,132.3,5,1,0,2.5,62,MID,1,100.0,3.1,0,3.2,7.97,80.63789
Luis Guilherme,Lira dos Santos,0,0,7,50,2,34.6,14.2,6,0,108.0,5.4,0,0,0,0.0,46,MID,1,,1.0,0,0.0,0.15,1.4202721
Lucas,Tolentino Coelho de Lima,4,1,69,1803,39,444.3,339.8,235,5,0.0,101.6,4,0,7,0.9,57,MID,1,100.0,2.8,0,0.8,7.27,48.322495
Konstantinos,Mavropanos,0,0,37,1656,31,62.2,402.8,150,4,0.0,61.6,2,1,2,0.1,43,DEF,1,100.0,1.5,0,1.2,1.64,24.543968
Nayef,Aguerd,0,0,0,0,0,0.0,0.0,0,0,0.0,0.0,0,0,0,0.0,44,DEF,0,0.0,0.0,0,0.0,0.0,0.7578843
Tomáš,Souček,7,2,101,2081,36,218.4,519.8,495,13,164.0,122.8,6,0,8,1.6,49,MID,1,100.0,3.7,0,6.2,5.99,105.284515
James,Ward-Prowse,0,1,25,810,10,188.7,140.6,48,0,0.0,37.8,3,1,1,0.5,61,MID,1,100.0,1.7,0,2.2,1.84,38.17816
Kurt,Zouma,0,0,0,0,0,0.0,0.0,0,0,110.0,0.0,0,0,0,0.1,44,DEF,0,0.0,0.0,0,0.0,0.0,0.7578843
Andy,Irving,0,0,9,161,4,26.5,37.6,17,0,0.0,8.1,0,0,2,0.0,47,MID,1,,0.9,0,0.2,0.25,8.320052
Crysencio,Summerville,1,1,33,776,20,246.1,156.4,186,2,0.0,58.7,2,0,2,0.3,55,MID,1,0.0,1.7,0,0.0,3.32,15.189999
Guido,Rodríguez,0,0,29,1016,18,62.1,168.6,23,0,277.0,25.5,3,0,5,0.1,48,MID,1,100.0,1.4,0,0.2,0.34,11.503018
Niclas,Füllkrug,2,1,22,366,11,84.8,99.0,113,1,137.0,29.4,1,0,1,0.8,67,FWD,1,50.0,2.4,0,0.0,1.67,29.405281
Jean-Clair,Todibo,0,0,38,1143,22,31.3,239.2,26,1,0.0,29.6,4,0,2,0.3,42,DEF,1,100.0,2.0,0,3.5,0.19,51.76076
Kaelan,Casey,0,0,1,1,0,0.0,2.0,0,0,0.0,0.2,0,0,0,0.2,40,DEF,1,100.0,1.0,0,0.0,0.0,1.4202721
Carlos,Soler,1,1,39,1088,21,209.1,131.2,125,2,252.0,46.5,2,0,5,0.0,50,MID,1,100.0,1.6,0,1.0,2.42,31.232927
Ollie,Scarles,0,0,22,401,4,36.2,71.2,16,2,24.0,12.4,2,0,1,0.2,40,DEF,1,,2.2,0,3.8,0.25,51.09181
Ezra,Mayers,0,0,0,0,0,0.0,0.0,0,0,141.0,0.0,0,0,0,0.0,40,DEF,1,,0.0,0,0.0,0.0,0.7578843
Lewis,Orford,0,0,2,47,1,27.6,6.4,6,0,1.0,4.0,0,0,0,0.0,45,MID,1,,1.0,0,0.0,0.07,1.4202721
Graham,Potter,0,0,43,0,0,0.0,0.0,0,0,9.0,0.0,0,0,0,3.4,5,AM,1,,0.0,0,8.2,0.0,40.785572
Sam,Johnstone,0,0,12,630,17,10.0,193.8,0,0,122.0,20.4,0,0,0,0.3,42,GK,1,100.0,1.7,0,0.0,0.0,15.189999
Rayan,Aït-Nouri,3,5,80,2384,57,392.9,574.6,282,6,95.0,125.1,4,1,4,9.5,48,DEF,1,100.0,2.9,0,2.8,3.74,60.155724
Boubacar,Traoré,0,0,0,0,0,0.0,0.0,0,0,65.0,0.0,0,0,0,0.0,48,MID,1,100.0,0.0,0,0.0,0.0,0.7578843
Jean-Ricner,Bellegarde,2,6,74,1278,24,331.5,297.4,173,5,317.0,79.6,5,0,3,0.4,49,MID,1,,2.7,0,5.2,3.57,74.3733
Daniel,Bentley,0,0,0,0,0,0.0,0.0,0,0,148.0,0.0,0,0,0,1.6,39,GK,1,,0.0,0,0.0,0.0,0.7578843
Francisco Jorge,Tomás Oliveira,0,0,1,6,0,14.3,3.0,2,0,0.0,1.9,0,0,0,0.1,45,MID,0,0.0,1.0,0,0.0,0.05,1.4202721
Tawanda,Chirewa,0,0,0,0,0,0.0,0.0,0,0,235.0,0.0,0,0,0,0.0,45,MID,0,0.0,0.0,0,0.0,0.0,0.7578843
Leon,Chiwome,0,0,0,0,0,0.0,0.0,0,0,32.0,0.0,0,0,0,1.3,45,FWD,1,0.0,0.0,0,0.0,0.0,0.7578843
Luke,Cundle,0,0,0,0,0,0.0,0.0,0,0,3.0,0.0,0,0,0,0.2,45,MID,0,0.0,0.0,0,0.0,0.0,0.7578843
Matheus,Santos Carneiro Da Cunha,13,4,143,2143,49,661.2,776.0,735,33,0.0,217.3,5,0,3,7.2,69,FWD,1,0.0,5.5,0,2.8,11.27,134.24269
Craig,Dawson,0,1,17,969,25,31.3,204.2,55,1,0.0,29.1,1,0,2,0.1,43,DEF,1,100.0,1.1,0,0.0,0.57,9.626573
Matt,Doherty,2,1,53,1607,34,148.6,416.8,125,2,22.0,69.1,4,0,5,0.4,43,DEF,1,100.0,2.4,0,2.5,2.0,57.05911
Tommy,Doyle,0,1,28,474,10,101.7,114.6,34,0,0.0,25.3,0,0,1,0.0,47,MID,1,,1.2,0,1.0,0.9,28.637299
Fábio,Silva,0,0,0,0,0,0.0,0.0,0,0,,0.0,0,0,0,0.1,50,FWD,0,0.0,0.0,0,0.0,0.0,0.7578843
Nathan,Fraser,0,0,0,0,0,0.0,0.0,0,0,,0.0,0,0,0,1.0,45,FWD,0,0.0,0.0,0,0.0,0.0,0.7578843
Enso,González,0,0,0,0,0,0.0,0.0,0,0,,0.0,0,0,0,0.0,44,MID,1,0.0,0.0,0,0.0,0.0,0.7578843
Gonçalo Manuel,Ganchinho Guedes,2,4,55,756,19,167.5,201.0,160,2,,52.6,3,0,1,0.1,53,MID,1,100.0,2.3,0,0.5,2.8,31.643265
Hugo,Bueno López,0,0,0,0,0,0.0,0.0,0,0,,0.0,0,0,0,0.0,45,DEF,0,0.0,0.0,0,0.0,0.0,0.7578843
Hwang,Hee-chan,2,1,34,625,17,71.4,109.8,80,0,,26.0,0,0,0,0.3,61,MID,1,100.0,1.9,0,0.2,1.14,21.472694
Joe,Hodge,0,0,0,0,0,0.0,0.0,0,0,,0.0,0,0,0,0.2,45,MID,0,0.0,0.0,0,0.0,0.0,0.7578843
Ki-Jana,Hoever,0,0,0,0,0,0.0,0.0,0,0,,0.0,0,0,0,0.1,40,DEF,0,0.0,0.0,0,0.0,0.0,0.7578843
João Victor,Gomes da Silva,3,1,70,2249,52,354.3,416.4,183,7,,95.4,3,1,7,0.3,49,MID,1,100.0,2.6,0,2.8,4.69,59.588593
José,Malheiro de Sá,0,0,66,1980,41,20.0,475.0,0,3,,49.5,5,0,1,3.2,43,GK,1,100.0,3.0,1,4.0,0.01,71.55227
Saša,Kalajdžić,0,0,0,0,0,0.0,0.0,0,0,,0.0,0,0,0,0.0,48,FWD,1,0.0,0.0,0,0.0,0.0,0.7578843
Tom,King,0,0,0,0,0,0.0,0.0,0,0,,0.0,0,0,0,1.3,40,GK,1,,0.0,0,0.0,0.0,0.7578843
Mario,Lemina,1,3,47,1363,39,166.7,356.8,120,5,,64.4,1,0,4,0.1,48,MID,0,0.0,2.8,0,0.0,2.17,34.26587
Yerson,Mosquera,0,0,3,441,12,27.3,110.2,21,0,,16.0,0,0,2,0.8,38,DEF,1,0.0,0.6,0,0.0,0.36,3.193791
Nélson,Cabral Semedo,0,4,59,2148,40,297.6,421.8,118,0,,83.9,5,0,7,0.7,45,DEF,1,100.0,2.4,0,3.5,1.95,58.461452
Pedro,Cardoso de Lima,0,0,2,69,2,34.8,23.4,11,0,,6.9,0,0,0,1.3,39,DEF,1,,0.7,0,0.2,0.16,7.094999
Daniel,Castelo Podence,0,0,2,46,2,1.1,3.0,1,0,,0.4,0,0,0,0.0,55,MID,0,0.0,1.0,0,0.0,0.05,1.4202721
Rodrigo,Martins Gomes,1,0,28,560,15,138.3,131.6,80,0,,34.6,1,0,0,0.1,51,MID,1,100.0,1.6,0,0.0,1.01,11.842586
Santiago,Bueno,0,0,41,1520,32,13.4,285.4,80,2,,37.9,4,0,2,0.1,43,DEF,1,100.0,1.9,0,2.2,0.53,38.448
Pablo,Sarabia,1,1,26,557,11,141.2,103.4,134,0,,37.7,1,0,2,0.1,50,MID,1,100.0,1.8,0,1.0,3.46,34.589027
Jørgen,Strand Larsen,9,2,100,2067,46,227.9,433.8,612,11,,127.1,4,0,3,2.7,53,FWD,1,75.0,3.7,0,4.0,7.03,101.05052
Toti António,Gomes,0,1,53,1803,34,96.4,415.2,33,5,,54.5,5,0,4,0.2,43,DEF,1,100.0,2.4,0,2.8,0.59,56.558212
Bastien,Meupiyou,0,0,0,0,0,0.0,0.0,0,0,,0.0,0,0,0,0.2,39,DEF,1,100.0,0.0,0,0.0,0.0,0.7578843
André,Trindade da Costa Neto,0,0,44,1747,37,183.6,274.4,23,1,,48.0,4,0,4,0.0,50,MID,1,100.0,1.8,0,2.2,0.53,38.18688
Carlos Roberto,Forbs Borges,0,0,8,235,9,24.1,25.8,35,0,,8.3,0,0,2,0.0,54,MID,1,100.0,0.9,0,0.0,0.25,2.3072026
Alfie,Pond,0,0,1,1,0,0.0,0.0,0,0,,0.0,0,0,0,0.8,39,DEF,1,,1.0,0,0.0,0.0,1.4202721
Tom,Edozie,0,0,0,0,0,0.0,0.0,0,0,,0.0,0,0,0,0.0,45,MID,1,,0.0,0,0.0,0.0,0.7578843
Wes,Okoduwa,0,0,0,0,0,0.0,0.0,0,0,,0.0,0,0,0,0.0,40,DEF,1,,0.0,0,0.0,0.0,0.7578843
Emmanuel,Agbadou,0,0,13,600,11,6.1,169.6,14,0,,19.0,1,0,2,0.1,40,DEF,1,100.0,1.9,0,1.0,0.07,34.850147
Vítor Manuel,de Oliveira Lopes Pereira,0,0,53,0,0,0.0,0.0,0,0,,0.0,0,0,0,5.2,8,AM,1,,0.0,0,8.0,0.0,38.917706
Nasser,Djiga,0,0,2,18,0,1.2,3.6,0,0,,0.5,0,0,0,0.0,45,DEF,1,,1.0,0,0.5,0.0,10.022986
Marshall,Munetsi,1,1,20,338,3,40.7,83.2,96,2,,22.0,2,0,0,0.2,50,MID,1,100.0,4.0,0,4.8,1.95,93.82011
Mateus,Mané,0,0,0,0,0,0.0,0.0,0,0,,0.0,0,0,0,0.0,45,FWD,1,,0.0,0,0.0,0.0,0.7578843
